Symbol,Name,LastSale,annualdividend,dividendyield,exdividenddate,dividendpaymentdate
AAL,American Airlines Group Inc.,29.45,0.4,1.3405,05/07/2019,05/22/2019,
AAME,Atlantic American Corporation,2.35,0.02,0.8511,04/09/2019,04/24/2019,
AAON,AAON Inc.,46.6,0.32,0.617,05/31/2019,07/01/2019,
AAPL,Apple Inc.,204.02,3.08,1.4777,05/10/2019,05/16/2019,
AAXJ,iShares Trust,65.65,0.822308,1.2373,06/17/2019,06/21/2019,
ABCB,Ameris Bancorp,38.17,0.4,1.0368,06/27/2019,07/10/2019,
ABDC,Alcentra Capital Corp.,8.34,0.72,15.8084,06/27/2019,07/03/2019,
ACNB,ACNB Corporation,37.24,1,2.6795,05/30/2019,06/14/2019,
ACWI,iShares Trust,72.51,1.812514,2.4775,06/17/2019,06/21/2019,
ACWX,iShares Trust,45.21,1.57141,3.4499,06/17/2019,06/21/2019,
ADES,Advanced Emissions Solutions Inc.,12.67,1,7.9681,05/17/2019,06/07/2019,
ADI,Analog Devices Inc.,112.68,2.16,1.8871,05/30/2019,06/11/2019,
ADP,Automatic Data Processing Inc.,164.27,3.16,1.9233,06/13/2019,07/01/2019,
ADRA,Invesco BLDRS Index Funds Trust,30.32,0.91512,3.0182,06/24/2019,07/31/2019,
ADRD,Invesco BLDRS Index Funds Trust,20.84,1.08988,5.1825,06/24/2019,07/31/2019,
ADRE,Invesco BLDRS Index Funds Trust,38.11,0.82624,2.1422,06/24/2019,07/31/2019,
ADRU,Invesco BLDRS Index Funds Trust,20.35,1.06912,5.2114,06/24/2019,07/31/2019,
ADTN,ADTRAN Inc.,10.78,0.36,3.2877,07/31/2019,08/15/2019,
AFIN,American Finance Trust Inc.,11.82,1.1,9.3141,07/10/2019,07/15/2019,
AGNC,AGNC Investment Corp.,17.19,1.92,11.2346,07/30/2019,08/09/2019,
AGND,WisdomTree Trust,41.473,1.26,3.0405,07/23/2019,07/26/2019,
AGZD,WisdomTree Trust,47.77,1.38,2.8854,07/23/2019,07/26/2019,
AIA,iShares Trust,57.89,0.836816,1.4295,06/17/2019,06/21/2019,
AIMC,Altra Industrial Motion Corp.,26.38,0.68,2.4972,06/17/2019,07/02/2019,
AIQ,Global X Funds,16.1225,0.108784,0.6585,06/27/2019,07/08/2019,
ALCO,Alico Inc.,32.03,0.24,0.7509,06/27/2019,07/12/2019,
ALGT,Allegiant Travel Company,147.65,2.8,1.8902,06/13/2019,06/27/2019,
ALOT,AstroNova Inc.,23.3,0.28,1.1657,06/14/2019,06/24/2019,
ALTY,Global X Funds,15,1.1652,7.6911,07/03/2019,07/12/2019,
AMAL,Amalgamated Bank,16.62,0.24,1.406,05/15/2019,05/31/2019,
AMAT,Applied Materials Inc.,47.55,0.84,1.733,05/22/2019,06/13/2019,
AMCA,iShares Trust,28.16,0.57014,2.0033,06/17/2019,06/21/2019,
AMGN,Amgen Inc.,187.22,5.8,3.1183,05/16/2019,06/07/2019,
AMNB,American National Bankshares Inc.,35.61,1,2.7617,06/06/2019,06/21/2019,
AMOT,Allied Motion Technologies Inc.,40.57,0.12,0.3004,05/15/2019,05/29/2019,
AMRB,American River Bankshares,13.38,0.28,2.1489,07/30/2019,08/14/2019,
AMSF,AMERISAFE Inc.,65.51,1,1.5263,06/06/2019,06/21/2019,
AMSWA,American Software Inc.,13.61,0.44,3.252,05/09/2019,05/24/2019,
AMTD,TD Ameritrade Holding Corporation,49.45,1.2,2.4155,05/06/2019,05/21/2019,
ANAT,American National Insurance Company,118.4,3.28,2.7556,06/06/2019,06/21/2019,
ANDE,The Andersons Inc.,25.69,0.68,2.5806,06/28/2019,07/22/2019,
APOG,Apogee Enterprises Inc.,39.01,0.7,1.7766,07/15/2019,07/31/2019,
ARCB,ArcBest Corporation,28.7,0.32,1.0997,05/13/2019,05/28/2019,
ARKR,Ark Restaurants Corp.,20.07,1,5.1948,06/20/2019,07/08/2019,
ARLP,Alliance Resource Partners L.P.,17.15,2.14,12.3485,05/07/2019,05/15/2019,
AROW,Arrow Financial Corporation,32.9,1.04,3.163,06/03/2019,06/14/2019,
ARTNA,Artesian Resources Corporation,35.64,0.9836,2.7699,05/09/2019,05/23/2019,
ASET,FlexShares Trust,29.09,0.925864,3.1806,06/27/2019,07/03/2019,
ASRV,AmeriServ Financial Inc.,4.14,0.1,2.439,08/02/2019,08/19/2019,
ASTE,Astec Industries Inc.,31.13,0.44,1.4085,05/13/2019,05/30/2019,
ATLO,Ames National Corporation,26.77,0.96,3.5874,07/31/2019,08/15/2019,
ATNI,ATN International Inc.,55.06,0.68,1.2436,06/27/2019,07/08/2019,
ATRI,Atrion Corporation,770.4,5.4,0.7013,06/13/2019,06/28/2019,
AUB,Atlantic Union Bankshares Corporation,36.6,1,2.7108,08/01/2019,08/16/2019,
AUBN,Auburn National Bancorporation Inc.,39.9,1,2.5253,06/07/2019,06/25/2019,
AVGO,Broadcom Inc.,278.53,10.6,3.7149,06/21/2019,07/02/2019,
AVT,Avnet Inc.,43.42,0.8,1.7861,06/04/2019,06/19/2019,
BANF,BancFirst Corporation,56.53,1.2,2.1104,06/27/2019,07/15/2019,
BANR,Banner Corporation,56.76,1.64,2.8671,07/08/2019,07/18/2019,
BANX,StoneCastle Financial Corp,21.6,1.52,7.0158,06/19/2019,06/26/2019,
BBBY,Bed Bath & Beyond Inc.,9.2,0.68,7.5556,06/13/2019,07/16/2019,
BBGI,Beasley Broadcast Group Inc.,3.15,0.2,6.2305,06/27/2019,07/05/2019,
BBSI,Barrett Business Services Inc.,87.5,1,1.1279,05/16/2019,05/31/2019,
BCBP,BCB Bancorp Inc. (NJ),12.4,0.56,4.4409,05/09/2019,05/24/2019,
BCTF,Bancorp 34 Inc.,15.51,0.2,1.3098,06/03/2019,06/18/2019,
BDGE,Bridge Bancorp Inc.,28.22,0.92,3.2451,07/19/2019,07/29/2019,
BELFA,Bel Fuse Inc.,10.964,0.24,1.9355,07/12/2019,08/01/2019,
BELFB,Bel Fuse Inc.,11.42,0.28,2.0741,07/12/2019,08/01/2019,
BFC,Bank First Corporation,55.94,0.8,1.4639,06/21/2019,07/08/2019,
BFIN,BankFinancial Corporation,12.85,0.4,3.0465,05/07/2019,05/24/2019,
BFIT,Global X Funds,19.2,0.152062,0.7759,06/27/2019,07/08/2019,
BFST,Business First Bancshares Inc.,24.25,0.4,1.6071,05/14/2019,05/31/2019,
BGCP,BGC Partners Inc.,5.23,0.56,10.6262,05/23/2019,06/10/2019,
BGFV,Big 5 Sporting Goods Corporation,2.28,0.2,9.5694,05/30/2019,06/14/2019,
BGRN,iShares Trust,55.0588,1.378284,2.5033,08/01/2019,08/07/2019,
BICK,First Trust Exchange-Traded Fund II,25.61,0.008,0.0308,06/14/2019,06/28/2019,
BIS,ProShares Trust,18.3,0.385224,2.1557,06/25/2019,07/02/2019,
BJRI,BJ's Restaurants Inc.,38.61,0.48,1.2075,05/10/2019,05/27/2019,
BKCC,BlackRock Capital Investment Corporation,5.62,0.72,12.9264,06/17/2019,07/09/2019,
BKEP,Blueknight Energy Partners L.P. L.L.C.,1.26,0.16,13.0081,08/01/2019,08/14/2019,
BKSC,Bank of South Carolina Corp.,19,0.64,3.4133,07/08/2019,07/31/2019,
BLCN,Reality Shares ETF Trust,23.05,0.888,3.7876,06/25/2019,06/28/2019,
BLKB,Blackbaud Inc.,88.48,0.48,0.5327,05/24/2019,06/14/2019,
BLMN,Bloomin' Brands Inc.,17.22,0.4,2.3324,05/10/2019,05/24/2019,
BMLP,Bank Of Montreal,49.21,3.477348,7.0663,06/27/2019,07/09/2019,
BMRC,Bank of Marin Bancorp,41.63,0.84,1.9872,08/01/2019,08/09/2019,
BMTC,Bryn Mawr Bank Corporation,35.29,1.04,2.9002,07/31/2019,09/01/2019,
BND,Vanguard Bond Index Funds,83.48,2.320956,2.7829,08/01/2019,08/06/2019,
BNDW,Vanguard Scottsdale Funds,79.51,1.4856,1.8701,08/01/2019,08/06/2019,
BNDX,Vanguard Charlotte Funds,58.17,0.648,1.1163,08/01/2019,08/06/2019,
BOCH,Bank of Commerce Holdings (CA),10.44,0.2,1.8957,07/01/2019,07/12/2019,
BOKF,BOK Financial Corporation,78.7,2,2.4991,05/10/2019,05/28/2019,
BOOM,DMC Global Inc.,48.61,0.08,0.1608,06/27/2019,07/16/2019,
BOTJ,Bank of the James Financial Group Inc.,15.11,0.24,1.5894,06/06/2019,06/21/2019,
BOTZ,Global X Funds,18.9,0.301624,1.5653,06/27/2019,07/08/2019,
BPFH,Boston Private Financial Holdings Inc.,10.64,0.48,4.4077,05/02/2019,05/17/2019,
BPOP,Popular Inc.,54.64,1.2,2.1544,05/24/2019,07/01/2019,
BPR,Brookfield Property REIT Inc.,19,1.32,6.8394,05/30/2019,06/28/2019,
BPRN,The Bank of Princeton,27.32,0.12,0.4384,05/09/2019,05/31/2019,
BRKL,Brookline Bancorp Inc.,14.25,0.44,3.0726,05/09/2019,05/24/2019,
BRKR,Bruker Corporation,41.57,0.16,0.3431,05/31/2019,06/21/2019,
BRKS,Brooks Automation Inc.,32.69,0.4,1.0588,06/06/2019,06/28/2019,
BRY,Berry Petroleum Corporation,8.99,0.48,5.3097,06/13/2019,07/15/2019,
BSET,Bassett Furniture Industries Incorporated,12.51,0.5,3.937,05/16/2019,05/31/2019,
BSRR,Sierra Bancorp,25.11,0.76,3.0279,07/31/2019,08/15/2019,
BUSE,First Busey Corporation,26.05,0.84,3.1951,07/18/2019,07/26/2019,
BWFG,Bankwell Financial Group Inc.,27.51,0.52,1.8479,05/13/2019,05/24/2019,
CAC,Camden National Corporation,43.18,1.2,2.7422,07/12/2019,07/31/2019,
CAKE,The Cheesecake Factory Incorporated,42.38,1.32,2.9837,05/15/2019,05/29/2019,
CALM,Cal-Maine Foods Inc.,39.91,1.088,2.733,04/30/2019,05/16/2019,
CARO,Carolina Financial Corporation,33.98,0.36,1.048,06/13/2019,07/05/2019,
CARZ,First Trust Exchange-Traded Fund II,30.9301,1.8796,5.967,06/14/2019,06/28/2019,
CASH,Meta Financial Group Inc.,30.27,0.2,0.6553,06/07/2019,07/01/2019,
CASS,Cass Information Systems Inc,50.85,1.04,2.0476,06/03/2019,06/14/2019,
CASY,Caseys General Stores Inc.,163.64,1.28,0.7887,07/31/2019,08/15/2019,
CATC,Cambridge Bancorp,79.67,2.04,2.5885,07/31/2019,08/15/2019,
CATH,Global X Funds,35.86,0.498264,1.3813,06/27/2019,07/08/2019,
CATY,Cathay General Bancorp,35.26,1.24,3.4705,05/31/2019,06/13/2019,
CBAN,Colony Bankcorp Inc.,16.13,0.3,1.8105,07/30/2019,08/15/2019,
CBFV,CB Financial Services Inc.,24.14,0.96,3.9834,06/07/2019,06/20/2019,
CBRL,Cracker Barrel Old Country Store Inc.,172.25,5.2,10.0262,07/18/2019,,
CBSH,Commerce Bancshares Inc.,58.39,1.04,1.7612,06/06/2019,06/24/2019,
CBTX,CBTX Inc.,29.43,0.4,1.3347,06/28/2019,07/15/2019,
CCBG,Capital City Bank Group,25.29,0.44,1.7467,06/07/2019,06/24/2019,
CCD,Calamos Dynamic Convertible & Income Fund,20.53,2.004,9.6765,07/11/2019,07/19/2019,
CCLP,CSI Compressco LP,3.6,0.04,1.0929,07/31/2019,08/14/2019,
CCMP,Cabot Microelectronics Corporation,116.09,1.68,1.4021,06/24/2019,07/30/2019,
CCNE,CNB Financial Corporation,27.51,0.68,2.4113,05/30/2019,06/14/2019,
CCOI,Cogent Communications Holdings Inc.,63.57,2.4,3.8132,05/16/2019,05/31/2019,
CDC,Victory Portfolios II,45.08,1.993428,4.3966,07/17/2019,07/19/2019,
CDK,CDK Global Inc.,50.66,0.6,1.1619,05/31/2019,06/27/2019,
CDL,Victory Portfolios II,46.78,1.966464,4.1891,07/17/2019,07/19/2019,
CDW,CDW Corporation,116.34,1.18,0.9956,05/23/2019,06/11/2019,
CERN,Cerner Corporation,70.97,0.72,1.001,06/17/2019,07/26/2019,
CEY,Victory Portfolios II,23.0113,3.415704,14.7038,07/17/2019,07/19/2019,
CEZ,Victory Portfolios II,24.8999,1.975932,7.7609,07/17/2019,07/19/2019,
CFA,Victory Portfolios II,52.09,0.949668,1.8085,07/17/2019,07/19/2019,
CFFI,C&F Financial Corporation,53.94,1.48,2.7443,06/13/2019,07/01/2019,
CFFN,Capitol Federal Financial Inc.,13.21,0.34,2.5895,08/01/2019,08/16/2019,
CFO,Victory Portfolios II,48.48,0.93936,1.9202,07/17/2019,07/19/2019,
CG,The Carlyle Group L.P.,22.95,0.76,3.2646,05/10/2019,05/21/2019,
CGBD,TCG BDC Inc.,14.94,1.48,11.992,06/27/2019,07/17/2019,
CGNX,Cognex Corporation,42.03,0.2,0.4607,05/16/2019,05/31/2019,
CGO,Calamos Global Total Return Fund,12.85,1.2,9.3458,07/11/2019,07/19/2019,
CHCO,City Holding Company,75.11,2.12,2.8083,07/12/2019,07/31/2019,
CHI,Calamos Convertible Opportunities and Income Fund,10.66,0.96,8.9552,07/11/2019,07/19/2019,
CHMG,Chemung Financial Corp,43.31,1.04,2.4158,06/14/2019,07/01/2019,
CHRW,C.H. Robinson Worldwide Inc.,81.66,2,2.4691,06/06/2019,06/28/2019,
CHW,Calamos Global Dynamic Income Fund,7.99,0.84,10.4738,07/11/2019,07/19/2019,
CHY,Calamos Convertible and High Income Fund,11.36,1.02,8.9474,07/11/2019,07/19/2019,
CIBR,First Trust Exchange-Traded Fund II,29.16,0.0736,0.2481,06/14/2019,06/28/2019,
CID,Victory Portfolios II,31.204,1.523748,4.8558,07/17/2019,07/19/2019,
CIL,Victory Portfolios II,37.12,0.92292,2.4863,07/17/2019,07/19/2019,
CINF,Cincinnati Financial Corporation,106.25,2.24,2.1074,06/18/2019,07/15/2019,
CIVB,Civista Bancshares Inc. ,21.12,0.44,2.0638,07/22/2019,08/01/2019,
CIZ,Victory Portfolios II,30.84,0.736584,2.3684,07/17/2019,07/19/2019,
CIZN,Citizens Holding Company,20.7641,0.96,4.6234,06/13/2019,06/28/2019,
CLAR,Clarus Corporation,14.01,0.1,0.7143,08/02/2019,08/16/2019,
CLCT,Collectors Universe Inc.,23.46,0.7,2.9902,05/16/2019,05/31/2019,
CLDB,Cortland Bancorp,23.1,0.44,1.8379,05/10/2019,06/03/2019,
CLRG,IndexIQ ETF Trust,24.77,0.42068,1.6471,06/24/2019,06/28/2019,
CMCO,Columbus McKinnon Corporation,37.05,0.24,0.6531,05/02/2019,05/13/2019,
CMCSA,Comcast Corporation,42.65,0.84,1.959,07/02/2019,07/24/2019,
CMCT,CIM Commercial Trust Corporation,20.7,0.5,2.4594,06/13/2019,06/27/2019,
CME,CME Group Inc.,205.16,3,1.4955,06/07/2019,06/25/2019,
CMFN,CM Finance Inc,7.4,1,13.6893,06/13/2019,07/05/2019,
CMTL,Comtech Telecommunications Corp.,28.82,0.4,1.3541,07/16/2019,08/16/2019,
CNBKA,Century Bancorp Inc.,82.58,0.48,0.5846,07/31/2019,08/15/2019,
CNMD,CONMED Corporation,92.38,0.8,0.8531,06/13/2019,07/05/2019,
CNOB,ConnectOne Bancorp Inc.,21.69,0.36,1.6446,07/12/2019,08/01/2019,
COHU,Cohu Inc.,14.92,0.24,1.5615,06/13/2019,07/26/2019,
COKE,Coca-Cola Consolidated Inc.,292.6,1,0.3468,07/25/2019,08/09/2019,
COLB,Columbia Banking System Inc.,35.67,1.12,4.637,05/07/2019,05/22/2019,
COLM,Columbia Sportswear Company,101.9,0.96,0.9317,05/15/2019,05/30/2019,
CONE,CyrusOne Inc,63.02,1.84,2.963,06/27/2019,07/12/2019,
CORE,Core-Mark Holding Company Inc.,35.06,0.44,1.2401,05/22/2019,06/14/2019,
COST,Costco Wholesale Corporation,272.5,2.6,0.9469,05/09/2019,05/24/2019,
CPHC,Canterbury Park Holding Corporation,11.93,0.28,2.297,06/27/2019,07/15/2019,
CPLP,Capital Product Partners L.P.,11.14,1.26,11.25,08/01/2019,08/15/2019,
CPSI,Computer Programs and Systems Inc.,25.59,0.4,1.5528,05/15/2019,05/31/2019,
CPTA,Capitala Finance Corp.,9.56,0.9996,10.489,07/22/2019,07/30/2019,
CRAI,CRA InternationalInc.,40.71,0.8,1.9488,05/24/2019,06/14/2019,
CRWS,Crown Crafts Inc.,4.72,0.32,6.9565,06/13/2019,07/05/2019,
CSA,Victory Portfolios II,45.1,0.553776,1.2171,07/17/2019,07/19/2019,
CSB,Victory Portfolios II,43.37,1.411632,3.2214,07/17/2019,07/19/2019,
CSCO,Cisco Systems Inc.,53.25,1.4,2.5275,07/03/2019,07/24/2019,
CSF,Victory Portfolios II,37.0465,0.682128,1.8239,07/17/2019,07/19/2019,
CSFL,CenterState Bank Corporation,22.87,0.44,1.899,06/13/2019,06/28/2019,
CSGS,CSG Systems International Inc.,50.28,0.89,1.7396,06/03/2019,06/19/2019,
CSML,IndexIQ ETF Trust,24.84,0.42628,1.7024,06/24/2019,06/28/2019,
CSPI,CSP Inc.,14.6635,0.6,4.4444,05/30/2019,06/14/2019,
CSQ,Calamos Strategic Total Return Fund,12.86,0.99,7.6389,07/11/2019,07/19/2019,
CSTR,CapStar Financial Holdings Inc.,15.74,0.2,1.2523,05/09/2019,05/24/2019,
CSWI,CSW Industrials Inc.,68.72,0.54,0.7783,07/29/2019,08/15/2019,
CSX,CSX Corporation,67.12,0.96,1.4163,05/30/2019,06/14/2019,
CTBI,Community Trust Bancorp Inc.,41.15,1.44,3.4918,06/13/2019,07/01/2019,
CTRE,CareTrust REIT Inc.,23.15,0.9,3.8995,06/27/2019,07/15/2019,
CTRN,Citi Trends Inc.,15,0.32,2.152,06/03/2019,06/18/2019,
CTSH,Cognizant Technology Solutions Corporation,63.49,0.8,1.2046,05/21/2019,05/31/2019,
CTWS,Connecticut Water Service Inc.,69.87,1.31,1.8781,05/31/2019,06/17/2019,
CTXS,Citrix Systems Inc.,93.54,1.4,1.4854,06/06/2019,06/21/2019,
CVBF,CVB Financial Corporation,21.04,0.72,3.3708,07/02/2019,07/18/2019,
CVCY,Central Valley Community Bancorp,20.21,0.44,2.1411,08/01/2019,08/16/2019,
CVLY,Codorus Valley Bancorp Inc,22.76,0.64,2.7766,07/22/2019,08/13/2019,
CWBC,Community West Bancshares,9.8,0.22,2.2869,05/09/2019,05/31/2019,
CXSE,WisdomTree Trust,70.415,1.42,1.9905,06/24/2019,06/28/2019,
CY,Cypress Semiconductor Corporation,22.82,0.44,1.9164,06/26/2019,07/18/2019,
CZNC,Citizens & Northern Corp,24.43,1.08,4.3079,07/26/2019,08/09/2019,
DAKT,Daktronics Inc.,6.22,0.2,3.2154,06/07/2019,06/20/2019,
DALI,First Trust Exchange-Traded Fund VI,20.181,0.01,0.0487,06/14/2019,06/28/2019,
DAX,Global X Funds,25.528,1.3822,5.4144,06/27/2019,07/08/2019,
DCOM,Dime Community Bancshares Inc.,20.01,0.56,2.8,05/07/2019,05/15/2019,
DDIV,First Trust Exchange-Traded Fund VI,25.215,0.944,3.7357,06/14/2019,06/28/2019,
DGICA,Donegal Group Inc.,14.08,0.58,4.0166,07/31/2019,08/15/2019,
DGICB,Donegal Group Inc.,13.76,0.51,3.7064,07/31/2019,08/15/2019,
DGRE,WisdomTree Trust,23.3303,0.82,3.4833,06/24/2019,06/28/2019,
DGRS,WisdomTree Trust,34.65,0.48,1.3683,07/23/2019,07/26/2019,
DGRW,WisdomTree Trust,43.76,0.72,1.633,07/23/2019,07/26/2019,
DMLP,Dorchester Minerals L.P.,17.84,2.060064,11.4767,07/26/2019,08/08/2019,
DNBF,DNB Financial Corp,43.61,0.28,0.6308,06/04/2019,06/18/2019,
DNKN,Dunkin' Brands Group Inc.,80.64,1.5,1.8997,05/31/2019,06/12/2019,
DRIV,Global X Funds,12.86,0.22406,1.7104,06/27/2019,07/08/2019,
DSWL,Deswell Industries Inc.,2.71,0.14,5.1661,06/24/2019,07/12/2019,
DVLU,First Trust Exchange-Traded Fund VI,18.33,0.314,1.7019,06/14/2019,06/28/2019,
DVOL,First Trust Exchange-Traded Fund VI,21.9552,0.3276,1.4979,06/14/2019,06/28/2019,
DVY,iShares Trust,98.76,3.529184,3.5559,06/17/2019,06/21/2019,
DWFI,SPDR Series Trust,23.45,0.918576,3.9125,08/01/2019,08/07/2019,
DWIN,Invesco Exchange-Traded Fund Trust II,25.645,1.35048,5.2679,07/22/2019,07/31/2019,
DWPP,First Trust Exchange-Traded Fund,30.79,0.3184,1.0268,06/14/2019,06/28/2019,
DWTR,Invesco Exchange-Traded Fund Trust II,31.9,0.1778,0.5518,06/24/2019,06/28/2019,
DXGE,WisdomTree Trust,28.54,3.24,11.1017,06/24/2019,06/28/2019,
DXJS,WisdomTree Trust,36.5999,1.73936,4.6707,06/24/2019,06/28/2019,
EBAY,eBay Inc.,40.58,0.56,1.3625,05/30/2019,06/20/2019,
EBIX,Ebix Inc.,43.19,0.3,0.6754,05/30/2019,06/14/2019,
EBMT,Eagle Bancorp Montana Inc.,17.55,0.37,2.1387,05/16/2019,06/07/2019,
EBSB,Meridian Bancorp Inc.,17.89,0.28,1.5512,06/17/2019,07/02/2019,
EBTC,Enterprise Bancorp Inc,29.26,0.64,2.1695,05/10/2019,06/03/2019,
ECOL,US Ecology Inc.,62.99,0.72,1.1432,07/18/2019,07/26/2019,
ECOW,Pacer Funds,23.9705,1.397428,5.7578,06/25/2019,06/27/2019,
EEI,Ecology and Environment Inc.,10.5576,0.4,3.7771,08/02/2019,08/12/2019,
EEMA,iShares Inc.,62.46,0.614722,0.9765,06/17/2019,06/21/2019,
EFAS,Global X Funds,15.2613,0.93,6.039,07/03/2019,07/12/2019,
EFSC,Enterprise Financial Services Corporation,39.67,0.6,1.4929,06/13/2019,06/28/2019,
EGBN,Eagle Bancorp Inc.,38.85,0.88,2.2786,05/30/2019,06/14/2019,
EGOV,NIC Inc.,22.06,0.32,1.4141,06/10/2019,06/25/2019,
EMB,iShares Trust,113.68,5.019984,4.4132,08/01/2019,08/07/2019,
EMCB,WisdomTree Trust,73.4478,3.18,4.3657,07/23/2019,07/26/2019,
EMCF,Emclaire Financial Corp,35.9512,1.16,3.5035,05/31/2019,06/21/2019,
EMCG,WisdomTree Trust,21.54,0.46,2.1043,06/24/2019,06/28/2019,
EMCI,EMC Insurance Group Inc.,35.9,0.92,2.5598,06/03/2019,06/11/2019,
EMIF,iShares Trust,28.48,0.828412,2.8351,06/17/2019,06/21/2019,
EML,Eastern Company (The),23.44,0.44,1.8144,05/14/2019,06/14/2019,
EMXC,iShares Inc.,47.2803,0.478292,1,06/17/2019,06/21/2019,
ENSG,The Ensign Group Inc.,54.06,0.19,0.3261,06/27/2019,07/31/2019,
ENTG,Entegris Inc.,41.54,0.32,0.7556,07/30/2019,08/21/2019,
ENZL,iShares Trust,54.14,1.519112,2.7894,06/17/2019,06/21/2019,
EQIX,Equinix Inc.,524.09,9.84,1.8824,05/21/2019,06/19/2019,
EQRR,ProShares Trust,38.91,0.730108,1.8225,06/25/2019,07/02/2019,
ERIE,Erie Indemnity Company,223.35,3.6,1.6284,07/08/2019,07/23/2019,
ESBK,Elmira Savings Bank NY (The),14.7584,0.92,6.1704,06/04/2019,06/12/2019,
ESCA,Escalade Incorporated,11.11,0.5,4.4053,05/31/2019,06/10/2019,
ESGD,iShares Trust,62.34,2.343902,3.7234,06/17/2019,06/21/2019,
ESGE,iShares Inc.,32.3,0.520806,1.6064,06/17/2019,06/21/2019,
ESGG,FlexShares Trust,97.6725,3.076608,3.088,06/21/2019,06/27/2019,
ESGU,iShares Trust,64.2251,1.177196,1.808,06/17/2019,06/21/2019,
ESSA,ESSA Bancorp Inc.,14.61,0.4,2.6631,06/13/2019,06/28/2019,
ESXB,Community Bankers Trust Corporation.,7.8,0.12,1.5385,06/20/2019,07/01/2019,
ETFC,E*TRADE Financial Corporation,46.08,0.56,1.1915,05/10/2019,05/20/2019,
EUFN,iShares Trust,17.13,1.410358,8.1382,06/17/2019,06/21/2019,
EVGBC,Eaton Vance NextShares Trust,99.99,0.3828,0.3828,08/01/2019,08/06/2019,
EVLMC,Eaton Vance NextShares Trust II,99.96,0.2424,0.2425,08/01/2019,08/06/2019,
EWBC,East West Bancorp Inc.,43.8,1.1,2.4725,07/31/2019,08/15/2019,
EWJE,iShares Trust,33.19,0.912016,2.7479,06/17/2019,06/21/2019,
EWJV,iShares Trust,24.19,0.91015,3.7625,06/17/2019,06/21/2019,
EWZS,iShares Trust,18.12,0.452294,2.4689,06/17/2019,06/21/2019,
EXPD,Expeditors International of Washington Inc.,73.18,1,1.3639,05/31/2019,06/17/2019,
EXPE,Expedia Group Inc.,129.17,1.28,0.9741,05/22/2019,06/13/2019,
EXPO,Exponent Inc.,67.32,0.64,0.9402,06/06/2019,06/21/2019,
FAB,First Trust Exchange-Traded AlphaDEX Fund,52.3,0.8,1.5126,06/14/2019,06/28/2019,
FAD,First Trust Exchange-Traded AlphaDEX Fund,74.5,0.12,0.1594,06/14/2019,06/28/2019,
FALN,iShares Trust,26.665,1.51458,5.7046,08/01/2019,08/07/2019,
FAST,Fastenal Company,29.62,0.88,2.97,07/24/2019,08/22/2019,
FBIZ,First Business Financial Services Inc.,23.42,0.6,2.5413,08/02/2019,08/15/2019,
FBMS,The First Bancshares Inc.,32.56,0.32,0.9753,05/09/2019,05/24/2019,
FBNC,First Bancorp,35.73,0.48,1.3267,06/27/2019,07/25/2019,
FBSS,Fauquier Bankshares Inc.,20.99,0.48,2.3133,06/13/2019,07/01/2019,
FBZ,First Trust Exchange-Traded AlphDEX Fund II,16.71,0.5796,3.4326,06/14/2019,06/28/2019,
FCA,First Trust Exchange-Traded AlphDEX Fund II,23.9992,1.6552,6.9284,06/14/2019,06/28/2019,
FCAL,First Trust Exchange-Traded Fund III,52.9411,1.5,2.8361,07/23/2019,07/31/2019,
FCAN,First Trust Exchange-Traded AlphDEX Fund II,22.99,0.3088,1.3345,06/14/2019,06/28/2019,
FCAP,First Capital Inc.,56.35,0.96,1.6973,06/13/2019,06/28/2019,
FCBC,First Community Bankshares Inc.,33.27,1,3.0798,08/01/2019,08/16/2019,
FCBP,First Choice Bancorp,22.1,0.8,3.6215,05/08/2019,05/23/2019,
FCCO,First Community Corporation,19.33,0.44,2.3268,07/26/2019,08/12/2019,
FCCY,1st Constitution Bancorp (NJ),17.62,0.3,1.6732,05/10/2019,05/24/2019,
FCEF,First Trust Exchange-Traded Fund VIII,21.9706,1.17,5.2798,07/11/2019,07/31/2019,
FCFS,FirstCash Inc.,100.02,1,0.994,05/14/2019,05/31/2019,
FCNCA,First Citizens BancShares Inc.,445.9,1.6,0.3547,06/14/2019,07/01/2019,
FCVT,First Trust Exchange-Traded Fund IV,31.55,0.48,1.5147,07/23/2019,07/31/2019,
FDBC,Fidelity D & D Bancorp Inc.,64.72,1.04,1.5686,05/17/2019,06/10/2019,
FDEF,First Defiance Financial Corp.,28.02,0.76,2.6817,05/16/2019,05/24/2019,
FDIV,First Trust Exchange-Traded Fund IV,51.75,1.98,3.9325,07/23/2019,07/31/2019,
FDNI,First Trust Exchange-Traded Fund II,21.63,0.044,0.2011,06/14/2019,06/28/2019,
FDT,First Trust Exchange-Traded AlphDEX Fund II,51.86,2.0548,3.9289,06/14/2019,06/28/2019,
FDTS,First Trust Exchange-Traded AlphDEX Fund II,34.92,1.244,3.4905,06/14/2019,06/28/2019,
FDUS,Fidus Investment Corporation,15.23,1.56,9.6654,06/06/2019,06/21/2019,
FELE,Franklin Electric Co. Inc.,46.51,0.58,1.243,07/31/2019,08/15/2019,
FEM,First Trust Exchange-Traded AlphDEX Fund II,23.74,1.3088,5.4762,06/14/2019,06/28/2019,
FEMB,First Trust Exchange-Traded Fund III,38.53,2.2776,5.8686,07/23/2019,07/31/2019,
FEMS,First Trust Exchange-Traded AlphDEX Fund II,34.43,1.5144,4.3151,06/14/2019,06/28/2019,
FEP,First Trust Exchange-Traded AlphDEX Fund II,33.96,1.9524,5.6954,06/14/2019,06/28/2019,
FEUZ,First Trust Exchange-Traded AlphDEX Fund II,37.2625,2.102,5.5575,06/14/2019,06/28/2019,
FEX,First Trust Exchange-Traded AlphaDEX Fund,60.58,0.7516,1.2277,06/14/2019,06/28/2019,
FFBC,First Financial Bancorp.,24.05,0.88,3.5977,05/31/2019,06/17/2019,
FFIC,Flushing Financial Corporation,19.67,0.84,4.2424,06/13/2019,06/28/2019,
FFIN,First Financial Bankshares Inc.,31.75,0.48,1.5056,06/14/2019,07/01/2019,
FFNW,First Financial Northwest Inc.,14.5,0.36,2.4523,06/06/2019,06/21/2019,
FFWM,First Foundation Inc.,14.49,0.2,1.3736,05/31/2019,06/17/2019,
FGBI,First Guaranty Bancshares Inc.,21.06,0.64,2.9754,06/20/2019,06/28/2019,
FGM,First Trust Exchange-Traded AlphDEX Fund II,40.67,3.2,7.7295,06/14/2019,06/28/2019,
FHB,First Hawaiian Inc.,25.68,1.04,4.0657,05/24/2019,06/07/2019,
FHK,First Trust Exchange-Traded AlphDEX Fund II,33.82,2.0072,5.9349,06/14/2019,06/28/2019,
FIBK,First Interstate BancSystem Inc.,39.35,1.24,3.1353,05/10/2019,05/23/2019,
FID,First Trust Exchange-Traded Fund VI,16.6228,0.9136,5.4749,06/14/2019,06/28/2019,
FISI,Financial Institutions Inc.,29.88,1,3.2949,06/13/2019,07/02/2019,
FITB,Fifth Third Bancorp,28.21,0.96,3.3839,06/27/2019,07/15/2019,
FIXD,First Trust Exchange-Traded Fund VIII,52.24,1.44,2.7618,07/23/2019,07/31/2019,
FJP,First Trust Exchange-Traded AlphDEX Fund II,46.95,1.76,3.7253,06/14/2019,06/28/2019,
FKU,First Trust Exchange-Traded AlphDEX Fund II,34.73,1.4152,4.0125,06/14/2019,06/28/2019,
FLIC,The First of Long Island Corporation,21.74,0.68,3.138,07/11/2019,07/22/2019,
FLIR,FLIR Systems Inc.,48.81,0.68,1.3872,05/23/2019,06/07/2019,
FLMN,Falcon Minerals Corporation,7.76,0.7,8.9859,05/16/2019,05/29/2019,
FLN,First Trust Exchange-Traded AlphDEX Fund II,20.719,1.1948,5.6518,06/14/2019,06/28/2019,
FLXS,Flexsteel Industries Inc.,17.44,0.88,4.9494,06/13/2019,07/01/2019,
FMAO,Farmers & Merchants Bancorp Inc.,25.11,0.6,2.2346,06/14/2019,07/20/2019,
FMB,First Trust Exchange-Traded Fund III,55.37,1.41,2.5497,07/23/2019,07/31/2019,
FMBH,First Mid Bancshares Inc.,31.71,0.72,2.2298,05/31/2019,06/10/2019,
FMBI,First Midwest Bancorp Inc.,20.39,0.56,2.7053,06/27/2019,07/09/2019,
FMHI,First Trust Exchange-Traded Fund III,52.64,1.8,3.4113,07/23/2019,07/31/2019,
FMK,First Trust Exchange-Traded AlphaDEX Fund,35.54,0.4,1.1214,06/14/2019,06/28/2019,
FMNB,Farmers National Banc Corp.,14.22,0.36,2.5035,06/13/2019,06/28/2019,
FNCB,FNCB Bancorp Inc.,7.3,0.2,2.574,05/31/2019,06/17/2019,
FNHC,FedNat Holding Company,12.01,0.32,2.649,05/16/2019,06/03/2019,
FNK,First Trust Exchange-Traded AlphaDEX Fund,33.1029,0.4,1.1946,06/14/2019,06/28/2019,
FNLC,First Bancorp Inc (ME),25.52,1.2,4.7059,07/09/2019,07/31/2019,
FNWB,First Northwest Bancorp,16.3,0.12,0.7481,06/06/2019,06/21/2019,
FNX,First Trust Exchange-Traded AlphaDEX Fund,67.61,0.6,0.8777,06/14/2019,06/28/2019,
FOX,Fox Corporation,36.56,0.46,1.2486,05/17/2019,06/03/2019,
FOXA,Fox Corporation,36.63,0.46,1.247,05/17/2019,06/03/2019,
FPA,First Trust Exchange-Traded AlphDEX Fund II,27.7567,1.04,3.7056,06/14/2019,06/28/2019,
FPXE,First Trust Exchange-Traded Fund II,20.31,1.0264,4.9849,06/14/2019,06/28/2019,
FPXI,First Trust Exchange-Traded Fund II,37.21,0.7408,1.9893,06/14/2019,06/28/2019,
FRAF,Franklin Financial Services Corporation,36.19,1.2,3.3417,08/01/2019,08/28/2019,
FRBA,First Bank,10.99,0.12,1.086,05/09/2019,05/24/2019,
FRME,First Merchants Corporation,37.89,1.04,2.666,05/17/2019,06/21/2019,
FSBW,FS Bancorp Inc.,47.63,0.6,1.241,05/08/2019,05/23/2019,
FSFG,First Savings Financial Group Inc.,60.8462,0.64,1.0475,06/13/2019,06/28/2019,
FSV,FirstService Corporation,105.28,0.6,0.5645,06/27/2019,07/05/2019,
FSZ,First Trust Exchange-Traded AlphDEX Fund II,48.725,3.92,8.0177,06/14/2019,06/28/2019,
FTA,First Trust Exchange-Traded AlphaDEX Fund,51.11,0.64,1.2384,06/14/2019,06/28/2019,
FTAG,First Trust Exchange-Traded Fund II,23.02,0.8,3.3927,06/14/2019,06/28/2019,
FTC,First Trust Exchange-Traded AlphaDEX Fund,70.25,0.2,0.2817,06/14/2019,06/28/2019,
FTCS,First Trust Exchange-Traded Fund,56.4,0.6216,1.0973,06/14/2019,06/28/2019,
FTHI,First Trust Exchange-Traded Fund VI,22.188,0.96,4.3107,07/23/2019,07/31/2019,
FTLB,First Trust Exchange-Traded Fund VI,22.0381,0.66,2.9844,07/23/2019,07/31/2019,
FTRI,First Trust Exchange-Traded Fund II,11.54,0.642,5.395,06/14/2019,06/28/2019,
FTSL,First Trust Exchange-Traded Fund IV,47.39,2.196,4.6256,07/23/2019,07/31/2019,
FTSM,First Trust Exchange-Traded Fund IV,60.08,1.5,2.4971,07/31/2019,08/05/2019,
FTXD,First Trust Exchange-Traded Fund VI,22.16,0.4016,1.8123,06/14/2019,06/28/2019,
FTXG,First Trust Exchange-Traded Fund VI,20.6,0.334,1.5943,06/14/2019,06/28/2019,
FTXH,First Trust Exchange-Traded Fund VI,20.44,0.158,0.7715,06/14/2019,06/28/2019,
FTXL,First Trust Exchange-Traded Fund VI,33.4899,0.4256,1.2488,06/14/2019,06/28/2019,
FTXN,First Trust Exchange-Traded Fund VI,16.23,0.4292,2.6008,06/14/2019,06/28/2019,
FTXO,First Trust Exchange-Traded Fund VI,25.24,0.7624,3.0063,06/14/2019,06/28/2019,
FTXR,First Trust Exchange-Traded Fund VI,23.27,0.062,0.2664,06/14/2019,06/28/2019,
FULT,Fulton Financial Corporation,16.38,0.52,3.142,06/28/2019,07/15/2019,
FUNC,First United Corporation,21,0.36,1.7233,07/16/2019,08/01/2019,
FUSB,First US Bancshares Inc.,9.38,0.08,0.8696,06/06/2019,07/01/2019,
FV,First Trust Exchange-Traded Fund VI,30.03,0.0352,0.1151,06/14/2019,06/28/2019,
FVC,First Trust Exchange-Traded Fund VI,26.68,0.2564,0.9493,06/14/2019,06/28/2019,
FWRD,Forward Air Corporation,61.59,0.72,1.1611,05/23/2019,06/07/2019,
FXNC,First National Corporation,18.96,0.36,1.8987,05/30/2019,06/14/2019,
FYT,First Trust Exchange-Traded AlphaDEX Fund,33.48,0.4,1.1884,06/14/2019,06/28/2019,
FYX,First Trust Exchange-Traded AlphaDEX Fund,59.98,0.7648,1.2625,06/14/2019,06/28/2019,
GABC,German American Bancorp Inc.,30.88,0.68,2.1957,05/09/2019,05/20/2019,
GARS,Garrison Capital Inc.,7.06,0.92,13.0682,06/06/2019,06/21/2019,
GBCI,Glacier Bancorp Inc.,40.05,1.08,2.6581,07/08/2019,07/18/2019,
GBDC,Golub Capital BDC Inc.,18.27,1.28,7.0291,06/06/2019,06/28/2019,
GBLI,Global Indemnity Limited,27.85,1,3.5524,06/20/2019,06/28/2019,
GCBC,Greene County Bancorp Inc.,27.2,0.4,1.4414,05/14/2019,05/31/2019,
GECC,Great Elm Capital Corp.,8.625,0.996,11.5278,07/30/2019,08/15/2019,
GENY,Principal Exchange-Traded Funds,37.8125,0.0792,0.2038,07/01/2019,07/05/2019,
GFED,Guaranty Federal Bancshares Inc.,23.8,0.52,2.1895,07/05/2019,07/18/2019,
GILD,Gilead Sciences Inc.,64.95,2.52,3.8491,06/13/2019,06/27/2019,
GLAD,Gladstone Capital Corporation,9.41,0.84,8.8889,07/19/2019,07/31/2019,
GLBZ,Glen Burnie Bancorp,10.75,0.4,3.7279,07/19/2019,08/02/2019,
GLDI,Credit Suisse AG,9.13,0.4248,4.7043,06/19/2019,06/25/2019,
GLNG,Golar LNG Limited,15.69,0.6,3.6765,06/12/2019,07/03/2019,
GLPI,Gaming and Leisure Properties Inc.,37.83,2.72,7.265,06/13/2019,06/28/2019,
GMLP,Golar LNG Partners LP,11.7,1.6168,13.5524,05/06/2019,05/14/2019,
GNMA,iShares Trust,50.19,1.43424,2.8536,08/01/2019,08/07/2019,
GNTX,Gentex Corporation,27.04,0.46,1.7107,07/09/2019,07/24/2019,
GNTY,Guaranty Bancshares Inc.,30.41,0.68,2.2376,06/26/2019,07/10/2019,
GOGL,Golden Ocean Group Limited,5.73,0.1,1.7036,06/05/2019,06/20/2019,
GPP,Green Plains Partners LP,13.05,1.9,14.2322,08/01/2019,08/09/2019,
GPRE,Green Plains Inc.,9.18,0.48,5.0314,05/23/2019,06/14/2019,
GRID,First Trust Exchange-Traded Fund II,47.57,1.0484,2.1823,06/14/2019,06/28/2019,
GROW,U.S. Global Investors Inc.,1.74,0.03,1.7241,07/12/2019,07/29/2019,
GSBC,Great Southern Bancorp Inc.,57.7,1.28,2.1993,06/28/2019,07/16/2019,
GT,The Goodyear Tire & Rubber Company,12.73,0.64,4.8411,07/31/2019,09/03/2019,
GULF,WisdomTree Trust,20.58,1.74,8.4914,06/24/2019,06/28/2019,
GWRS,Global Water Resources Inc.,13.15,0.286332,2.1529,07/16/2019,07/31/2019,
HA,Hawaiian Holdings Inc.,27.09,0.48,1.8504,05/16/2019,05/31/2019,
HAFC,Hanmi Financial Corporation,20.48,0.96,4.6602,05/03/2019,05/31/2019,
HAS,Hasbro Inc.,113.51,2.72,2.3687,07/31/2019,08/15/2019,
HAYN,Haynes International Inc.,29.29,0.88,3.0845,05/30/2019,06/14/2019,
HBAN,Huntington Bancshares Incorporated,13.48,0.56,4.1268,06/14/2019,07/01/2019,
HBCP,Home Bancorp Inc.,36.33,0.84,2.2982,08/02/2019,08/16/2019,
HBNC,Horizon Bancorp Inc.,16.9,0.48,2.8103,07/03/2019,07/19/2019,
HCAP,Harvest Capital Credit Corporation,10.23,0.96,9.375,07/17/2019,07/25/2019,
HCSG,Healthcare Services Group Inc.,23.79,0.79,3.366,05/23/2019,06/28/2019,
HEES,H&E Equipment Services Inc.,27.8,1.1,3.7697,05/24/2019,06/14/2019,
HERD,Pacer Funds,23.892,0.553426,2.3164,06/26/2019,06/28/2019,
HEWG,iShares Trust,26.1,1.451434,5.4916,07/02/2019,07/09/2019,
HFBL,Home Federal Bancorp Inc. of Louisiana,34,0.64,1.9975,07/19/2019,08/05/2019,
HFWA,Heritage Financial Corporation,27.16,0.72,2.6201,05/07/2019,05/22/2019,
HIFS,Hingham Institution for Savings,189.3,1.56,0.8309,07/05/2019,07/17/2019,
HLIO,Helios Technologies Inc.,44.04,0.36,0.798,07/03/2019,07/20/2019,
HLNE,Hamilton Lane Incorporated,58.44,1.1,1.8966,06/13/2019,07/05/2019,
HNDL,Strategy Shares,24.04,1.691904,7.0058,07/12/2019,07/16/2019,
HNNA,Hennessy Advisors Inc.,9.91,0.44,4.44,05/17/2019,06/11/2019,
HNRG,Hallador Energy Company,5.34,0.16,2.9197,07/30/2019,08/16/2019,
HOFT,Hooker Furniture Corporation,20.18,0.6,2.9169,06/14/2019,06/30/2019,
HOMB,Home BancShares Inc.,18.5,0.52,2.7586,05/14/2019,06/05/2019,
HOPE,Hope Bancorp Inc.,14,0.56,3.9744,07/25/2019,08/09/2019,
HRZN,Horizon Technology Finance Corporation,12.1,1.2,9.9174,07/17/2019,08/15/2019,
HSII,Heidrick & Struggles International Inc.,29.47,0.6,2.0478,05/09/2019,05/24/2019,
HTBI,HomeTrust Bancshares Inc.,25.06,0.24,0.96,05/22/2019,06/06/2019,
HTBK,Heritage Commerce Corp,11.82,0.48,3.99,05/08/2019,05/23/2019,
HTLD,Heartland Express Inc.,19.59,0.08,0.41,06/20/2019,07/01/2019,
HTLF,Heartland Financial USA Inc.,46.42,0.64,1.3643,05/16/2019,05/31/2019,
HURC,Hurco Companies Inc.,33.5,0.48,1.444,06/28/2019,07/15/2019,
HWBK,Hawthorn Bancshares Inc.,23.59,0.48,2.0382,06/13/2019,07/01/2019,
HWC,Hancock Whitney Corporation,38.53,1.08,2.7502,06/04/2019,06/14/2019,
HYLS,First Trust Exchange-Traded Fund IV,48.16,2.58,5.3516,07/23/2019,07/31/2019,
HYND,WisdomTree Trust,18.8982,1.14,6.0026,07/23/2019,07/26/2019,
HYXE,iShares Trust,51.33,2.881272,5.6001,08/01/2019,08/07/2019,
HYZD,WisdomTree Trust,23.2157,1.2,5.1613,07/23/2019,07/26/2019,
IBB,iShares Trust,105.07,0.31876,0.2996,06/17/2019,06/21/2019,
IBCP,Independent Bank Corporation,20.86,0.72,3.4172,05/03/2019,05/15/2019,
IBKC,IBERIABANK Corporation,73.69,1.72,2.2964,06/27/2019,07/26/2019,
IBTX,Independent Bank Group Inc,53.24,1,1.8325,08/02/2019,08/15/2019,
ICBK,County Bancorp Inc.,18.15,0.2,1.1255,06/06/2019,06/21/2019,
ICFI,ICF International Inc.,82.4,0.56,0.6804,06/13/2019,07/16/2019,
ICLN,iShares Trust,10.77,0.15626,1.4536,06/17/2019,06/21/2019,
IDCC,InterDigital Inc.,57.1,1.4,2.202,07/09/2019,07/24/2019,
IDLB,Invesco Exchange-Traded Fund Trust II,27.1828,1.40488,5.1348,06/24/2019,06/28/2019,
IEF,iShares Trust,111.15,2.322504,2.0939,08/01/2019,08/07/2019,
IEI,iShares Trust,126.15,2.628444,2.0852,08/01/2019,08/07/2019,
IEUS,iShares Trust,48.19,3.349924,6.912,06/17/2019,06/21/2019,
IFEU,iShares Trust,35.92,2.617852,7.3898,06/17/2019,06/21/2019,
IFGL,iShares Trust,29.52,1.391364,4.7633,06/17/2019,06/21/2019,
IFV,First Trust Exchange-Traded Fund VI,19.4081,0.84,4.2901,06/14/2019,06/28/2019,
IGF,iShares Trust,45.21,1.57376,3.4749,06/17/2019,06/21/2019,
IGIB,iShares Trust,57.32,2.017668,3.5262,08/01/2019,08/07/2019,
IGSB,iShares Trust,53.38,1.609248,3.0113,08/01/2019,08/07/2019,
IIIN,Insteel Industries Inc.,19.57,0.12,0.6129,06/13/2019,06/28/2019,
IJT,iShares Trust,180.41,1.643904,0.9018,06/17/2019,06/21/2019,
ILPT,Industrial Logistics Properties Trust,21.5,1.32,6.203,07/26/2019,08/15/2019,
IMKTA,Ingles Markets Incorporated,31.08,0.66,2.1208,07/10/2019,07/18/2019,
INBK,First Internet Bancorp,20.37,0.24,1.1788,06/27/2019,07/15/2019,
INDB,Independent Bank Corp.,74.19,1.76,2.3691,06/28/2019,07/12/2019,
INDY,iShares Trust,35.47,0.45011,1.2651,06/17/2019,06/21/2019,
INFR,Legg Mason ETF Investment Trust,29.952,1.6,5.3514,07/09/2019,07/12/2019,
INTC,Intel Corporation,48.68,1.26,2.5455,05/06/2019,06/01/2019,
INTU,Intuit Inc.,274.64,1.88,0.6764,07/09/2019,07/18/2019,
IOSP,Innospec Inc.,90.37,1,1.0813,05/20/2019,05/30/2019,
IPAR,Inter Parfums Inc.,68.08,1.1,1.5919,06/27/2019,07/15/2019,
IPHS,Innophos Holdings Inc.,25.52,1.92,7.1883,05/16/2019,06/07/2019,
IPKW,Invesco Exchange-Traded Fund Trust II,30.19,1.09672,3.5852,06/24/2019,06/28/2019,
ISBC,Investors Bancorp Inc.,11.11,0.44,3.9747,05/09/2019,05/24/2019,
ISCA,International Speedway Corporation,45.17,0.49,1.0853,05/30/2019,06/28/2019,
ISDS,Invesco Exchange-Traded Self-Indexed Fund Trust,22.46,0.39044,1.7384,06/24/2019,06/28/2019,
ISDX,Invesco Exchange-Traded Self-Indexed Fund Trust,24.0299,0.60368,2.4724,06/24/2019,06/28/2019,
ISEM,Invesco Exchange-Traded Self-Indexed Fund Trust,24.5,0.93812,3.7525,06/24/2019,06/28/2019,
ISTB,iShares Trust,50.37,1.405164,2.7908,08/01/2019,08/07/2019,
ISTR,Investar Holding Corporation,23.7,0.2204,0.9241,07/05/2019,07/31/2019,
ITIC,Investors Title Company,158.3,1.6,0.9972,06/13/2019,06/28/2019,
IUS,Invesco Exchange-Traded Self-Indexed Fund Trust,25.15,0.49332,1.9476,06/24/2019,06/28/2019,
IUSB,iShares Trust,51.93,1.598148,3.0811,08/01/2019,08/07/2019,
IUSG,iShares Trust,62.62,1.063264,1.6826,06/17/2019,06/21/2019,
IUSS,Invesco Exchange-Traded Self-Indexed Fund Trust,23,0.278,1.1899,06/24/2019,06/28/2019,
IUSV,iShares Trust,56.39,1.343824,2.3659,06/17/2019,06/21/2019,
IVFVC,Ivy NextShares,99.98,0.8,0.8002,06/13/2019,06/17/2019,
IXUS,iShares Trust,56.66,1.874166,3.28,06/17/2019,06/21/2019,
JACK,Jack In The Box Inc.,72.92,1.6,2.2008,05/28/2019,06/14/2019,
JBHT,J.B. Hunt Transport Services Inc.,101.67,1.04,1.0275,08/01/2019,08/16/2019,
JCS,Communications Systems Inc.,3.85,0.08,2.1739,06/13/2019,07/01/2019,
JJSF,J & J Snack Foods Corp.,182.12,2,1.1032,06/11/2019,07/03/2019,
JKHY,Jack Henry & Associates Inc.,138.77,1.6,1.139,05/22/2019,06/07/2019,
JKI,iShares Trust,156.27,3.941596,2.5051,06/17/2019,06/21/2019,
JOUT,Johnson Outdoors Inc.,63.71,0.56,0.8419,07/10/2019,07/25/2019,
JRSH,Jerash Holdings (US) Inc.,6.9684,0.2,2.8572,05/24/2019,06/05/2019,
JRVR,James River Group Holdings Ltd.,47.44,1.2,2.5603,06/07/2019,06/28/2019,
JSMD,Janus Detroit Street Trust,44.498,0.167464,0.3697,06/28/2019,07/05/2019,
JSML,Janus Detroit Street Trust,42.5525,0.164908,0.3828,06/28/2019,07/05/2019,
KALU,Kaiser Aluminum Corporation,94.02,2.4,2.5186,07/24/2019,08/15/2019,
KBAL,Kimball International Inc.,17.01,0.32,1.8529,06/24/2019,07/15/2019,
KBWB,Invesco Exchange-Traded Fund Trust II,50.52,1.24764,2.4608,06/24/2019,06/28/2019,
KBWD,Invesco Exchange-Traded Fund Trust II,21.14,1.90368,8.9627,07/22/2019,07/31/2019,
KBWP,Invesco Exchange-Traded Fund Trust II,71.11,1.7134,2.418,06/24/2019,06/28/2019,
KBWR,Invesco Exchange-Traded Fund Trust II,49.3193,1.26184,2.512,06/24/2019,06/28/2019,
KBWY,Invesco Exchange-Traded Fund Trust II,29.34,1.78476,6.0624,07/22/2019,07/31/2019,
KELYA,Kelly Services Inc.,27.61,0.3,1.0877,05/20/2019,06/05/2019,
KELYB,Kelly Services Inc.,28,0.3,1.0714,05/20/2019,06/05/2019,
KEQU,Kewaunee Scientific Corporation,17.2544,0.76,4.3182,06/06/2019,06/21/2019,
KFFB,Kentucky First Federal Bancorp,7.6,0.4,5.2632,07/30/2019,08/12/2019,
KFRC,Kforce Inc.,34.26,0.72,2.0924,06/06/2019,06/21/2019,
KHC,The Kraft Heinz Company,32.21,1.6,4.9185,05/30/2019,06/14/2019,
KINS,Kingstone Companies Inc,8.41,0.4,4.7562,05/30/2019,06/14/2019,
KLAC,KLA Corporation ,133.24,3,2.1935,05/14/2019,06/04/2019,
KLIC,Kulicke and Soffa Industries Inc.,22.18,0.48,2.2161,06/27/2019,07/15/2019,
KNSL,Kinsale Capital Group Inc.,90.16,0.32,0.3556,05/31/2019,06/13/2019,
KRMA,Global X Funds,21.78,0.335716,1.5246,06/27/2019,07/08/2019,
KRNY,Kearny Financial,13.12,0.24,1.8223,05/28/2019,06/12/2019,
LAMR,Lamar Advertising Company,79.37,3.84,4.8114,06/13/2019,06/28/2019,
LANC,Lancaster Colony Corporation,152.86,2.6,1.6928,06/06/2019,06/28/2019,
LAND,Gladstone Land Corporation,11.56,0.5346,4.6609,07/19/2019,07/31/2019,
LARK,Landmark Bancorp Inc.,23.8,0.8,3.413,05/14/2019,05/29/2019,
LBAI,Lakeland Bancorp Inc.,15.76,0.5,3.1368,08/02/2019,08/15/2019,
LBC,Luther Burbank Corporation,10.72,0.23,2.112,05/08/2019,05/20/2019,
LCNB,LCNB Corporation,17.64,0.68,3.8267,05/31/2019,06/17/2019,
LCUT,Lifetime Brands Inc.,7.71,0.17,1.9518,07/31/2019,08/15/2019,
LDRI,Invesco Exchange-Traded Fund Trust II,25.16,0.65964,2.6197,07/22/2019,07/31/2019,
LDSF,First Trust Exchange-Traded Fund VIII,20.5399,0.5928,2.8876,07/23/2019,07/31/2019,
LECO,Lincoln Electric Holdings Inc.,82.51,1.88,2.2733,06/27/2019,07/15/2019,
LEGR,First Trust Exchange-Traded Fund VI,29.54,0.8,2.6615,06/14/2019,06/28/2019,
LEVL,Level One Bancorp Inc.,23.6,0.16,0.6788,06/27/2019,07/15/2019,
LFUS,Littelfuse Inc.,159.13,1.72,1.0431,05/22/2019,06/06/2019,
LKFN,Lakeland Financial Corporation,44.73,1.2,2.6667,07/24/2019,08/05/2019,
LKOR,FlexShares Trust,55.8097,2.094084,3.7468,08/01/2019,08/07/2019,
LMAT,LeMaitre Vascular Inc.,31.56,0.34,1.052,05/21/2019,06/06/2019,
LMBS,First Trust Exchange-Traded Fund IV,51.91,1.41,2.7173,07/23/2019,07/31/2019,
LMNR,Limoneira Co,19.28,0.3,1.5205,07/05/2019,07/18/2019,
LMNX,Luminex Corporation,21.69,0.24,1.1111,06/19/2019,07/11/2019,
LMRK,Landmark Infrastructure Partners LP,16.49,1.47,8.9362,08/01/2019,08/14/2019,
LNGR,Global X Funds,21.1481,0.105752,0.4919,06/27/2019,07/08/2019,
LNT,Alliant Energy Corporation,50.13,1.42,2.8411,07/30/2019,08/15/2019,
LOAN,Manhattan Bridge Capital Inc,6.24,0.48,7.7922,07/09/2019,07/15/2019,
LOB,Live Oak Bancshares Inc.,19.01,0.12,0.6303,05/24/2019,06/11/2019,
LOGM,LogMeIn Inc.,73.615,1.3,1.7294,05/07/2019,05/24/2019,
LPLA,LPL Financial Holdings Inc.,79.39,1,1.2453,05/17/2019,06/03/2019,
LRCX,Lam Research Corporation,204.09,4.4,2.1384,06/11/2019,07/10/2019,
LSBK,Lake Shore Bancorp Inc.,14.75,0.48,3.2323,08/02/2019,08/16/2019,
LSTR,Landstar System Inc.,110.14,0.66,0.6006,05/08/2019,05/31/2019,
LTXB,LegacyTexas Financial Group Inc.,41,1,2.4056,08/02/2019,08/19/2019,
LVHD,Legg Mason ETF Investment Trust,32.1,1.137256,3.5275,05/02/2019,05/07/2019,
LYTS,LSI Industries Inc.,4.1,0.2,4.9628,05/03/2019,05/14/2019,
MANT,ManTech International Corporation,69.11,1.08,1.5054,06/06/2019,06/21/2019,
MAR,Marriott International,135.98,1.92,1.4028,05/23/2019,06/28/2019,
MATW,Matthews International Corporation,31.6,0.8,2.4555,08/02/2019,08/19/2019,
MBB,iShares Trust,107.79,3.151416,2.9231,08/01/2019,08/07/2019,
MBCN,Middlefield Banc Corp.,44.29,1.12,2.5902,05/30/2019,06/14/2019,
MBIN,Merchants Bancorp,17.91,0.28,1.5582,06/13/2019,07/01/2019,
MBSD,FlexShares Trust,23.55,0.564504,2.4032,08/01/2019,08/07/2019,
MBTF,M B T Financial Corp,10.36,0.4,3.7594,05/08/2019,05/16/2019,
MBWM,Mercantile Bank Corporation,32.39,1.04,3.197,06/06/2019,06/19/2019,
MCBC,Macatawa Bank Corporation,10.1,0.28,2.7559,05/13/2019,05/30/2019,
MCEF,First Trust Exchange-Traded Fund VIII,19.4583,0.57,2.9402,07/11/2019,07/31/2019,
MCHI,iShares Trust,56,0.712206,1.257,06/17/2019,06/21/2019,
MCHP,Microchip Technology Incorporated,88.06,1.462,1.5961,05/20/2019,06/04/2019,
MDIV,First Trust Exchange-Traded Fund VI,18.46,0.7032,3.8073,07/23/2019,07/31/2019,
MDLZ,Mondelez International Inc.,53.76,1.04,1.9392,06/27/2019,07/12/2019,
MDRR,Medalist Diversified REIT Inc.,4.29,0.7,15.7303,07/11/2019,07/17/2019,
MEOH,Methanex Corporation,34.21,1.44,4.0033,06/13/2019,06/30/2019,
MERC,Mercer International Inc.,12.33,0.55,4.4788,06/21/2019,07/03/2019,
MFNC,Mackinac Financial Corporation,15.22,0.48,3.1558,06/27/2019,07/12/2019,
MFSF,MutualFirst Financial Inc.,32.1,0.8,2.5,06/13/2019,06/28/2019,
MGEE,MGE Energy Inc.,74.47,1.35,1.8043,05/30/2019,06/15/2019,
MGPI,MGP Ingredients Inc.,56.98,0.4,0.7318,05/14/2019,05/31/2019,
MGRC,McGrath RentCorp,67.96,1.5,2.186,07/16/2019,07/31/2019,
MILN,Global X Funds,25.08,0.04167,0.1639,06/27/2019,07/08/2019,
MINI,Mobile Mini Inc.,32.59,1.1,3.3133,05/14/2019,05/29/2019,
MKSI,MKS Instruments Inc.,80.41,0.8,0.9634,05/23/2019,06/07/2019,
MKTX,MarketAxess Holdings Inc.,340.63,2.04,0.5995,05/07/2019,05/22/2019,
MLAB,Mesa Laboratories Inc.,252.5,0.64,0.2478,05/30/2019,06/14/2019,
MLHR,Herman Miller Inc.,43.65,0.79,1.7745,05/30/2019,07/15/2019,
MMLP,Martin Midstream Partners L.P.,5.98,1,16.4745,05/07/2019,05/15/2019,
MNRO,Monro Inc. ,85.59,0.88,1.0606,05/31/2019,06/17/2019,
MOFG,MidWestOne Financial Group Inc.,29.77,0.81,2.6955,04/26/2019,06/17/2019,
MORN,Morningstar Inc.,151.65,1.12,0.742,07/03/2019,07/31/2019,
MPB,Mid Penn Bancorp,25.07,0.72,2.7885,05/07/2019,05/27/2019,
MPWR,Monolithic Power Systems Inc.,146.61,1.6,1.0684,06/27/2019,07/15/2019,
MRCC,Monroe Capital Corporation,11.37,1.4,12.3784,06/13/2019,06/28/2019,
MRLN,Marlin Business Services Corp.,23.66,0.56,2.4148,05/10/2019,05/23/2019,
MRTN,Marten Transport Ltd.,19.61,0.12,0.6132,06/13/2019,06/28/2019,
MRVL,Marvell Technology Group Ltd.,25.03,0.24,0.9357,07/11/2019,07/31/2019,
MSBI,Midland States Bancorp Inc.,26.19,0.97,3.6966,05/10/2019,05/20/2019,
MSEX,Middlesex Water Company,58.02,0.96,1.6543,05/14/2019,06/03/2019,
MSFT,Microsoft Corporation,136.9,1.84,1.3328,05/15/2019,06/13/2019,
MSVB,Mid-Southern Bancorp Inc.,12.74,0.08,0.6275,05/16/2019,06/03/2019,
MTEX,Mannatech Incorporated,16.1,0.5,3.1056,06/20/2019,06/28/2019,
MTSC,MTS Systems Corporation,57.44,1.2,2.0862,06/17/2019,07/02/2019,
MVBF,MVB Financial Corp.,16.79,0.16,0.934,05/30/2019,06/15/2019,
MXIM,Maxim Integrated Products Inc.,55.9,1.84,3.2275,05/29/2019,06/14/2019,
NATH,Nathan's Famous Inc.,69.71,1.4,2.0144,06/21/2019,06/28/2019,
NATI,National Instruments Corporation,42.22,1,2.3552,05/10/2019,06/03/2019,
NAVI,Navient Corporation,13.71,0.64,4.5845,06/06/2019,06/21/2019,
NBN,Northeast Bank,21.61,0.04,0.1877,05/10/2019,05/28/2019,
NBTB,NBT Bancorp Inc.,37.2,1.04,2.7564,05/30/2019,06/14/2019,
NCMI,National CineMedia Inc.,7.2,0.68,9.6591,05/15/2019,05/31/2019,
NDAQ,Nasdaq Inc.,97.95,1.88,1.9252,06/13/2019,06/28/2019,
NDSN,Nordson Corporation,135.41,1.4,1.0106,05/24/2019,06/11/2019,
NEWT,Newtek Business Services Corp.,21.16,1.84,8.667,06/13/2019,06/28/2019,
NFBK,Northfield Bancorp Inc.,15.4,0.44,2.8461,05/07/2019,05/22/2019,
NFTY,First Trust Exchange-Traded AlphDEX Fund II,33.76,0.1916,0.5654,06/14/2019,06/28/2019,
NGHC,National General Holdings Corp,24.38,0.16,0.6525,06/28/2019,07/15/2019,
NKSH,National Bankshares Inc.,34.5,1.34,3.795,05/24/2019,06/03/2019,
NMRK,Newmark Group Inc.,9.42,0.4,4.004,05/24/2019,06/12/2019,
NNBR,NN Inc.,7.2,0.28,3.6649,06/20/2019,06/28/2019,
NRC,National Research Corporation,65.29,0.76,1.1401,06/27/2019,07/15/2019,
NRIM,Northrim BanCorp Inc,35.76,1.2,3.325,06/05/2019,06/14/2019,
NSEC,National Security Group Inc.,11.4999,0.2,1.6681,05/03/2019,05/31/2019,
NTAP,NetApp Inc.,46.04,1.92,3.327,07/03/2019,07/24/2019,
NTIC,Northern Technologies International Corporation,11.11,0.24,2.1239,05/08/2019,05/23/2019,
NTRS,Northern Trust Corporation,93.76,2.4,2.5335,06/13/2019,07/01/2019,
NVDA,NVIDIA Corporation,161.19,0.64,0.3881,05/30/2019,06/21/2019,
NVEC,NVE Corporation,66.94,4,5.9128,07/26/2019,08/30/2019,
NWBI,Northwest Bancshares Inc.,16.76,0.72,4.2629,07/31/2019,08/15/2019,
NWFL,Norwood Financial Corp.,34.16,0.96,2.7891,07/12/2019,08/01/2019,
NWL,Newell Brands Inc.,15.34,0.92,6.8503,05/30/2019,06/14/2019,
NXPI,NXP Semiconductors N.V.,100.46,1,1,06/13/2019,07/05/2019,
NXST,Nexstar Media Group Inc.,98.77,1.8,1.7736,05/09/2019,05/24/2019,
NXTG,First Trust Exchange-Traded Fund II,49.26,0.0396,0.0798,06/14/2019,06/28/2019,
NYMT,New York Mortgage Trust Inc.,6.05,0.8,13.1363,06/21/2019,07/25/2019,
OBNK,Origin Bancorp Inc.,33.78,0.13,0.3817,05/16/2019,05/31/2019,
OCCI,OFS Credit Company Inc.,16.615,2.004,11.9081,07/23/2019,07/31/2019,
OCFC,OceanFirst Financial Corp.,23.4,0.68,2.8452,08/02/2019,08/16/2019,
OCSI,Oaktree Strategic Income Corporation,8.22,0.62,7.5152,06/13/2019,06/28/2019,
OCSL,Oaktree Specialty Lending Corporation,5.27,0.38,7.2381,06/13/2019,06/28/2019,
ODFL,Old Dominion Freight Line Inc.,166.06,0.68,0.4085,06/04/2019,06/19/2019,
ODP,Office Depot Inc.,1.86,0.1,5.3476,05/23/2019,06/14/2019,
OFED,Oconee Federal Financial Corp.,23.5,0.4,1.7014,05/08/2019,05/23/2019,
OFLX,Omega Flex Inc.,75.72,1.12,1.5028,06/21/2019,07/02/2019,
OFS,OFS Capital Corporation,11.19,1.36,12.3862,06/20/2019,06/28/2019,
OKDCC,Eaton Vance NextShares Trust II,100.06,0.672,0.6716,08/01/2019,08/06/2019,
OLBK,Old Line Bancshares Inc.,27.22,0.48,1.7436,06/13/2019,06/28/2019,
OLD,Janus Detroit Street Trust,29.6131,0.539512,1.8239,06/28/2019,07/05/2019,
OLED,Universal Display Corporation,205.49,0.4,0.1915,06/13/2019,06/28/2019,
ONB,Old National Bancorp,17.13,0.52,3.0127,05/31/2019,06/17/2019,
ONEQ,Fidelity Nasdaq Composite Index Tracking Stock,314.85,4,1.2551,06/21/2019,06/26/2019,
OPB,Opus Bank,21.35,0.44,2.0221,05/08/2019,05/23/2019,
OPBK,OP Bancorp,9.27,0.2,2.0576,05/09/2019,05/24/2019,
OPI,Office Properties Income Trust,26.97,2.2,8.0764,07/26/2019,08/15/2019,
OPOF,Old Point Financial Corporation,23.1,0.48,2.1239,06/03/2019,06/28/2019,
ORG,Janus Detroit Street Trust,24.4552,0.487756,2.0012,06/28/2019,07/05/2019,
ORIT,Oritani Financial Corp.,17.36,1,5.6497,08/01/2019,08/16/2019,
ORRF,Orrstown Financial Services Inc,21.71,0.6,2.6942,08/02/2019,08/12/2019,
OSBC,Old Second Bancorp Inc.,12.47,0.04,0.3165,07/25/2019,08/05/2019,
OTEX,Open Text Corporation,38.76,0.6984,1.6472,05/30/2019,06/21/2019,
OTTR,Otter Tail Corporation,53.03,1.4,2.6163,05/14/2019,06/10/2019,
OTTW,Ottawa Bancorp Inc.,13.16,0.24,1.8237,05/28/2019,06/12/2019,
OVBC,Ohio Valley Banc Corp.,33.74,0.84,2.3884,07/25/2019,08/10/2019,
OVLY,Oak Valley Bancorp (CA),18.57,0.27,1.4392,07/26/2019,08/09/2019,
OXLC,Oxford Lane Capital Corp.,10.38,1.62,15.4728,07/23/2019,07/31/2019,
OZK,Bank OZK,28.27,0.96,3.3391,07/11/2019,07/19/2019,
PAAS,Pan American Silver Corp.,16.1,0.14,0.8413,05/20/2019,06/03/2019,
PACW,PacWest Bancorp,35.79,2.4,6.5342,05/17/2019,05/31/2019,
PAHC,Phibro Animal Health Corporation,30.86,0.48,1.5243,06/04/2019,06/26/2019,
PANL,Pangaea Logistics Solutions Ltd.,3.58,0.14,3.9106,05/31/2019,06/11/2019,
PAYX,Paychex Inc.,83.93,2.48,2.9566,07/31/2019,08/22/2019,
PBBI,PB Bancorp Inc.,11.4,0.28,2.4242,07/16/2019,07/31/2019,
PBCT,People's United Financial Inc.,15.4,0.71,4.563,07/31/2019,08/15/2019,
PBHC,Pathfinder Bancorp Inc.,13.689,0.24,1.719,07/18/2019,08/09/2019,
PBIP,Prudential Bancorp Inc.,16.77,0.2,1.1179,06/06/2019,06/21/2019,
PCAR,PACCAR Inc.,67.22,1.28,1.8785,05/13/2019,06/04/2019,
PCB,PCB Bancorp,15.74,0.24,1.4643,05/30/2019,06/14/2019,
PCH,PotlatchDeltic Corporation,36.81,1.6,4.374,06/06/2019,06/28/2019,
PCSB,PCSB Financial Corporation,19.36,0.16,0.8312,05/16/2019,05/31/2019,
PCTI,PC-Tel Inc.,4.64,0.22,4.7619,05/07/2019,05/15/2019,
PDCO,Patterson Companies Inc.,19.24,1.04,5.3581,07/11/2019,07/26/2019,
PDP,Invesco Exchange-Traded Fund Trust,60.86,0.186884,0.3039,06/24/2019,06/28/2019,
PEBK,Peoples Bancorp of North Carolina Inc.,27.83,0.56,2.0253,05/31/2019,06/14/2019,
PEBO,Peoples Bancorp Inc.,31.29,1.36,4.3298,08/02/2019,08/19/2019,
PEGA,Pegasystems Inc.,72.02,0.12,0.1605,06/28/2019,07/15/2019,
PEGI,Pattern Energy Group Inc.,23.06,1.688,7.397,06/27/2019,07/31/2019,
PEP,PepsiCo Inc.,127.92,3.82,3.0046,06/06/2019,06/28/2019,
PETS,PetMed Express Inc.,16.34,1.08,6.6667,08/01/2019,08/09/2019,
PEY,Invesco Exchange-Traded Fund Trust,18.04,0.71772,3.9566,07/22/2019,07/31/2019,
PFBC,Preferred Bank,52.19,1.2,2.2901,07/05/2019,07/22/2019,
PFBI,Premier Financial Bancorp Inc.,15.58,0.6,3.9396,06/13/2019,06/28/2019,
PFF,iShares Trust,37.25,1.98372,5.3311,08/01/2019,08/07/2019,
PFG,Principal Financial Group Inc,55.29,2.16,3.8779,05/31/2019,06/28/2019,
PFI,Invesco Exchange-Traded Fund Trust,37.2029,0.50544,1.3547,06/24/2019,06/28/2019,
PFIN,P & F Industries Inc.,8,0.2,2.5,05/17/2019,05/24/2019,
PFIS,Peoples Financial Services Corp. ,47.9,1.36,2.814,05/30/2019,06/14/2019,
PFLT,PennantPark Floating Rate Capital Ltd.,11.61,1.14,9.7603,07/17/2019,08/01/2019,
PFM,Invesco Exchange-Traded Fund Trust,28.765,0.62404,2.1593,06/24/2019,06/28/2019,
PGC,Peapack-Gladstone Financial Corporation,27.32,0.2,0.7273,05/08/2019,05/23/2019,
PGJ,Invesco Exchange-Traded Fund Trust,34.66,0.20836,0.5916,06/24/2019,06/28/2019,
PHO,Invesco Exchange-Traded Fund Trust,35.4,0.35812,1.0026,06/24/2019,06/28/2019,
PID,Invesco Exchange-Traded Fund Trust,15.745,1.20492,7.5591,06/24/2019,06/28/2019,
PIE,Invesco Exchange-Traded Fund Trust II,17.5025,0.27824,1.5827,06/24/2019,06/28/2019,
PIO,Invesco Exchange-Traded Fund Trust II,27.53,0.91676,3.3036,06/24/2019,06/28/2019,
PIZ,Invesco Exchange-Traded Fund Trust II,27.02,0.7518,2.765,06/24/2019,06/28/2019,
PKBK,Parke Bancorp Inc.,22.74,0.64,2.761,07/11/2019,07/26/2019,
PKOH,Park-Ohio Holdings Corp.,29.76,0.5,1.66,05/14/2019,05/29/2019,
PKW,Invesco Exchange-Traded Fund Trust,61.83,1.06504,1.7016,06/24/2019,06/28/2019,
PLAY,Dave & Buster's Entertainment Inc.,40.13,0.6,1.4963,06/24/2019,07/10/2019,
PLBC,Plumas Bancorp,24.75,0.46,1.8586,04/30/2019,05/15/2019,
PLCE,Children's Place Inc. (The),91.51,2.24,2.4572,06/17/2019,06/28/2019,
PLPC,Preformed Line Products Company,55.5,0.8,1.3942,06/28/2019,07/19/2019,
PLW,Invesco Exchange-Traded Fund Trust II,34.6665,0.66216,1.9199,07/22/2019,07/31/2019,
PMD,Psychemedics Corporation,8.43,0.72,9,05/06/2019,05/17/2019,
PMOM,Principal Exchange-Traded Funds,28.54,0.432,1.5137,07/01/2019,07/05/2019,
PNBK,Patriot National Bancorp Inc.,14.5,0.04,0.2759,06/03/2019,06/11/2019,
PNFP,Pinnacle Financial Partners Inc.,56.71,0.64,1.1117,08/01/2019,08/30/2019,
PNNT,PennantPark Investment Corporation,6.54,0.72,10.9589,06/14/2019,07/01/2019,
POOL,Pool Corporation,188.91,2.2,1.1637,05/16/2019,05/31/2019,
POWI,Power Integrations Inc.,88.68,0.68,0.751,05/30/2019,06/28/2019,
POWL,Powell Industries Inc.,36.4,1.04,2.8338,05/21/2019,06/19/2019,
PPBI,Pacific Premier Bancorp Inc,29.2,0.88,2.974,08/01/2019,08/15/2019,
PPH,VanEck Vectors ETF Trust,57.74,1.124,1.9446,07/01/2019,07/08/2019,
PRFZ,Invesco Exchange-Traded Fund Trust,125.72,2.1094,1.6623,06/24/2019,06/28/2019,
PRGS,Progress Software Corporation,41.84,0.62,1.4527,05/31/2019,06/17/2019,
PRIM,Primoris Services Corporation,19.54,0.24,1.2012,06/27/2019,07/15/2019,
PRN,Invesco Exchange-Traded Fund Trust,66.9,0.1772,0.2617,06/24/2019,06/28/2019,
PROV,Provident Financial Holdings Inc.,20.58,0.56,2.7451,05/20/2019,06/11/2019,
PSC,Principal Exchange-Traded Funds,31.12,0.434632,1.3966,07/01/2019,07/05/2019,
PSCC,Invesco Exchange-Traded Fund Trust II,72.5803,1.52836,2.0453,06/24/2019,06/28/2019,
PSCD,Invesco Exchange-Traded Fund Trust II,57.55,0.69376,1.1615,06/24/2019,06/28/2019,
PSCF,Invesco Exchange-Traded Fund Trust II,53.32,1.974,3.6637,06/24/2019,06/28/2019,
PSCI,Invesco Exchange-Traded Fund Trust II,65.49,0.41392,0.6237,06/24/2019,06/28/2019,
PSCM,Invesco Exchange-Traded Fund Trust II,42.0995,0.46396,1.0732,06/24/2019,06/28/2019,
PSCT,Invesco Exchange-Traded Fund Trust II,84.87,0.27228,0.3131,06/24/2019,06/28/2019,
PSCU,Invesco Exchange-Traded Fund Trust II,53.2341,1.21732,2.2973,06/24/2019,06/28/2019,
PSDO,Presidio Inc.,13.71,0.16,1.1429,06/25/2019,07/05/2019,
PSEC,Prospect Capital Corporation,6.54,0.72,11.1111,07/30/2019,08/22/2019,
PSET,Principal Exchange-Traded Funds,37.64,0.628,1.6548,07/01/2019,07/05/2019,
PSL,Invesco Exchange-Traded Fund Trust,72.5171,0.3372,0.4632,06/24/2019,06/28/2019,
PTEN,Patterson-UTI Energy Inc.,10.33,0.16,1.534,06/05/2019,06/20/2019,
PUB,People's Utah Bancorp,29.06,0.52,1.7591,08/02/2019,08/12/2019,
PUI,Invesco Exchange-Traded Fund Trust,32.84,0.87684,2.6565,06/24/2019,06/28/2019,
PVAL,Principal Exchange-Traded Funds,26.05,0.378668,1.4046,07/01/2019,07/05/2019,
PWOD,Penns Woods Bancorp Inc.,44.41,1.88,4.1889,06/10/2019,06/25/2019,
PXI,Invesco Exchange-Traded Fund Trust,26.86,0.96028,3.5227,06/24/2019,06/28/2019,
PY,Principal Exchange-Traded Funds,31.37,0.682668,2.1528,07/01/2019,07/05/2019,
PYZ,Invesco Exchange-Traded Fund Trust,57.31,1.27696,2.1658,06/24/2019,06/28/2019,
QABA,First Trust Exchange-Traded Fund,47.22,0.8896,1.8646,06/14/2019,06/28/2019,
QADA,QAD Inc.,41.73,0.288,0.6776,07/09/2019,07/17/2019,
QADB,QAD Inc.,32,0.24,0.7328,07/09/2019,07/17/2019,
QAT,iShares Trust,17.3499,1.26954,7.2153,06/17/2019,06/21/2019,
QCLN,First Trust Exchange-Traded Fund,21.79,0.0972,0.4424,06/14/2019,06/28/2019,
QCOM,QUALCOMM Incorporated,71.15,2.48,3.4831,06/05/2019,06/27/2019,
QCRH,QCR Holdings Inc.,36.62,0.24,0.6483,06/20/2019,07/03/2019,
QLC,FlexShares Trust,33.62,1.129516,3.3104,06/21/2019,06/27/2019,
QQEW,First Trust Exchange-Traded Fund,66.12,0.2988,0.4452,06/14/2019,06/28/2019,
QQQ,Invesco QQQ Trust Series 1,187.35,1.66232,0.8742,06/24/2019,07/31/2019,
QQXT,First Trust Exchange-Traded Fund,54,0.1832,0.3358,06/14/2019,06/28/2019,
QTEC,First Trust Exchange-Traded Fund,85.44,0.5748,0.6572,06/14/2019,06/28/2019,
QTRH,Quarterhill Inc.,1.23,0.037625,3.3296,06/13/2019,07/05/2019,
QYLD,Global X Funds,22.75,2.0532,8.9037,07/24/2019,08/01/2019,
RAVN,Raven Industries Inc.,34.48,0.52,1.4781,07/12/2019,07/29/2019,
RBB,RBB Bancorp,18.62,0.4,2.1231,07/30/2019,08/15/2019,
RBCAA,Republic Bancorp Inc.,47.25,1.056,2.2411,06/20/2019,07/19/2019,
RBNC,Reliant Bancorp Inc.,23.72,0.36,1.4724,07/05/2019,07/18/2019,
RCKY,Rocky Brands Inc.,30.82,0.56,1.7943,05/31/2019,06/17/2019,
RDVY,First Trust Exchange-Traded Fund VI,31.17,0.532,1.69,06/14/2019,06/28/2019,
RECN,Resources Connection Inc.,17.78,0.52,2.9902,05/15/2019,06/13/2019,
REG,Regency Centers Corporation,65.76,2.34,3.5476,05/10/2019,05/23/2019,
RELL,Richardson Electronics Ltd.,5.66,0.24,4.2478,05/07/2019,05/24/2019,
RFAP,First Trust Exchange-Traded Fund III,49.941,2.3228,4.6511,06/14/2019,06/28/2019,
RFDI,First Trust Exchange-Traded Fund III,54.78,3.71,6.7101,06/14/2019,06/28/2019,
RFEM,First Trust Exchange-Traded Fund III,58.54,1.0928,1.8423,06/14/2019,06/28/2019,
RFEU,First Trust Exchange-Traded Fund III,56.765,4.9152,8.4919,06/14/2019,06/28/2019,
RFIL,RF Industries Ltd.,7.7,0.08,1,06/27/2019,07/15/2019,
RGCO,RGC Resources Inc.,28.15,0.66,2.3338,07/12/2019,08/01/2019,
RGLD,Royal Gold Inc.,116.47,1.06,0.8934,07/03/2019,07/19/2019,
RICK,RCI Hospitality Holdings Inc.,15.95,0.12,0.7426,06/07/2019,06/25/2019,
RILY,B. Riley Financial Inc.,20.43,0.32,5.5974,05/14/2019,05/29/2019,
RING,iShares Inc.,22.01,0.289168,1.3138,06/17/2019,06/21/2019,
RIVE,Riverview Financial Corporation,10.75,0.4,3.7843,06/13/2019,06/28/2019,
RMCF,Rocky Mountain Chocolate Factory Inc.,8.9256,0.48,5.3393,06/03/2019,06/14/2019,
RMR,The RMR Group Inc.,48.9,1.4,2.8624,07/26/2019,08/15/2019,
RNDM,First Trust Exchange-Traded Fund VI,49.265,1.6,3.2323,06/14/2019,06/28/2019,
RNDV,First Trust Exchange-Traded Fund VI,21.6796,0.646,2.9008,06/14/2019,06/28/2019,
RNEM,First Trust Exchange-Traded Fund VI,50.02,0.8,1.5911,06/14/2019,06/28/2019,
RNLC,First Trust Exchange-Traded Fund VI,22.71,0.3688,1.6039,06/14/2019,06/28/2019,
RNMC,First Trust Exchange-Traded Fund VI,21.6965,0.432,1.9641,06/14/2019,06/28/2019,
RNSC,First Trust Exchange-Traded Fund VI,20.519,0.3948,1.9045,06/14/2019,06/28/2019,
RNST,Renasant Corporation,33.97,0.88,2.5463,06/13/2019,06/28/2019,
ROBT,First Trust Exchange-Traded Fund VI,31.93,0.36,1.108,06/14/2019,06/28/2019,
ROIC,Retail Opportunity Investments Corp.,18.01,0.788,4.3924,06/12/2019,06/27/2019,
ROST,Ross Stores Inc.,103.49,1.02,0.9848,06/10/2019,06/28/2019,
RRR,Red Rock Resorts Inc.,19.45,0.4,2.0171,06/13/2019,06/28/2019,
RUSHA,Rush Enterprises Inc.,37.77,0.48,1.2759,05/08/2019,06/10/2019,
RUSHB,Rush Enterprises Inc.,39.15,0.48,1.2339,05/08/2019,06/10/2019,
RUTH,Ruth's Hospitality Group Inc.,20.84,0.52,2.336,05/22/2019,06/06/2019,
RVEN,Reven Housing REIT Inc.,4.6192,0.04,0.818,04/25/2019,05/15/2019,
RVSB,Riverview Bancorp Inc,7.88,0.18,2.2388,07/11/2019,07/23/2019,
SABR,Sabre Corporation,25.02,0.56,2.2951,06/20/2019,06/28/2019,
SAFM,Sanderson Farms Inc.,133.68,1.28,0.9532,07/29/2019,08/13/2019,
SAFT,Safety Insurance Group Inc.,96.95,3.2,3.2847,05/31/2019,06/14/2019,
SAL,Salisbury Bancorp Inc.,38,1.12,2.9474,05/16/2019,05/31/2019,
SALM,Salem Media Group Inc.,2.08,0.26,12.8395,06/13/2019,06/28/2019,
SAMG,Silvercrest Asset Management Group Inc.,13.6,0.6,4.1408,06/13/2019,06/21/2019,
SASR,Sandy Spring Bancorp Inc.,35.66,1.2,3.351,05/07/2019,05/15/2019,
SBBX,SB One Bancorp,22.36,0.3,1.3292,05/10/2019,05/27/2019,
SBFG,SB Financial Group Inc.,16.6,0.36,2.1687,05/09/2019,05/24/2019,
SBGI,Sinclair Broadcast Group Inc.,49.37,0.8,1.5939,05/30/2019,06/17/2019,
SBNY,Signature Bank,121.68,2.24,1.8183,07/31/2019,08/15/2019,
SBRA,Sabra Health Care REIT Inc.,20.69,1.8,8.6705,05/17/2019,05/31/2019,
SBSI,Southside Bancshares Inc.,33.68,1.24,3.7159,05/22/2019,06/06/2019,
SBT,Sterling Bancorp Inc.,9.67,0.04,0.4128,05/23/2019,05/31/2019,
SBUX,Starbucks Corporation,95.51,1.44,1.5098,05/08/2019,05/24/2019,
SCHL,Scholastic Corporation,34.75,0.6,1.7271,04/29/2019,06/17/2019,
SCHN,Schnitzer Steel Industries Inc.,25.64,0.75,2.8758,05/10/2019,05/28/2019,
SCVL,Shoe Carnival Inc.,22.95,0.34,1.4316,07/05/2019,07/22/2019,
SCZ,iShares Trust,55.91,1.864888,3.3159,06/17/2019,06/21/2019,
SDG,iShares Trust,56.7006,1.090468,1.8935,06/17/2019,06/21/2019,
SDVY,First Trust Exchange-Traded Fund VI,19.93,0.506,2.4988,06/14/2019,06/28/2019,
SEIC,SEI Investments Company,57.67,0.66,1.1292,06/11/2019,06/20/2019,
SELF,Global Self Storage Inc.,4.1,0.26,6.357,06/14/2019,06/28/2019,
SFBC,Sound Financial Bancorp Inc.,35,0.56,1.5995,05/08/2019,05/23/2019,
SFBS,ServisFirst Bancshares Inc.,32,0.6,1.8416,06/28/2019,07/12/2019,
SFNC,Simmons First National Corporation,24.98,0.64,2.561,06/14/2019,07/05/2019,
SGA,Saga Communications Inc.,29.69,1.2,3.9841,06/13/2019,07/05/2019,
SGC,Superior Group of Companies Inc.,15.72,0.4,2.4783,05/14/2019,05/29/2019,
SHBI,Shore Bancshares Inc,16,0.4,2.5078,05/16/2019,05/31/2019,
SHOO,Steven Madden Ltd.,30.68,0.56,1.7909,06/17/2019,06/28/2019,
SHV,iShares Trust,110.48,2.520156,2.2815,08/01/2019,08/07/2019,
SHY,iShares Trust,84.68,1.800276,2.1265,08/01/2019,08/07/2019,
SIGI,Selective Insurance Group Inc.,78.01,0.8,1.023,05/14/2019,06/03/2019,
SIRI,Sirius XM Holdings Inc.,6.34,0.0484,0.7719,05/09/2019,05/31/2019,
SKIS,Peak Resorts Inc.,10.86,0.28,2.5735,07/24/2019,08/09/2019,
SKOR,FlexShares Trust,52,1.651116,3.1777,08/01/2019,08/07/2019,
SKYW,SkyWest Inc.,59.42,0.48,0.7901,06/27/2019,07/05/2019,
SKYY,First Trust Exchange-Traded Fund II,57.2352,0.4448,0.7598,06/14/2019,06/28/2019,
SLGN,Silgan Holdings Inc.,29.85,0.44,1.457,05/31/2019,06/17/2019,
SLIM,Janus Detroit Street Trust,33.1036,0.284968,0.8438,06/28/2019,07/05/2019,
SLM,SLM Corporation,8.85,0.12,1.3378,06/06/2019,06/17/2019,
SLP,Simulations Plus Inc.,36.79,0.24,0.5749,07/24/2019,08/01/2019,
SLQD,iShares Trust,50.8984,1.453332,2.8541,08/01/2019,08/07/2019,
SLRC,Solar Capital Ltd.,20.7,1.64,7.896,06/19/2019,07/02/2019,
SLVO,Credit Suisse AG,7.0248,0.18,2.5937,06/19/2019,06/25/2019,
SMBC,Southern Missouri Bancorp Inc.,33.8,0.52,1.549,05/14/2019,05/31/2019,
SMMF,Summit Financial Group Inc.,25.26,0.6,2.3292,06/13/2019,06/28/2019,
SNH,Senior Housing Properties Trust,8.1,0.6,7.4074,07/26/2019,08/15/2019,
SNLN,Highland Funds I,17.62,0.877092,4.9736,07/15/2019,07/31/2019,
SNSR,Global X Funds,19.45,0.161348,0.8161,06/27/2019,07/08/2019,
SOHO,Sotherly Hotels Inc.,7.1,0.52,7.4286,06/13/2019,07/11/2019,
SONA,Southern National Bancorp of Virginia Inc.,15.38,0.36,2.3226,05/10/2019,05/24/2019,
SOXX,iShares Trust,202.41,3.029292,1.4745,06/17/2019,06/21/2019,
SPAR,Spartan Motors Inc.,13.02,0.1,0.7874,05/16/2019,06/17/2019,
SPFI,South Plains Financial Inc.,17.48,0.12,0.6885,07/23/2019,08/07/2019,
SPKE,Spark Energy Inc.,11.02,0.725,6.682,05/30/2019,06/14/2019,
SPOK,Spok Holdings Inc.,12.26,0.5,4.1425,05/23/2019,06/24/2019,
SPTN,SpartanNash Company,9.4,0.76,6.5687,06/13/2019,06/28/2019,
SQLV,Legg Mason ETF Investment Trust,25.5338,0.42,1.623,06/17/2019,06/20/2019,
SQQQ,ProShares Trust,34.78,0.976568,2.9379,06/25/2019,07/02/2019,
SRCE,1st Source Corporation,45.26,1.08,2.3478,08/02/2019,08/15/2019,
SRET,Global X Funds,14.88,1.1976,8.1248,07/03/2019,07/12/2019,
SSB,South State Corporation,76.09,1.6,2.0801,05/09/2019,05/17/2019,
SSBI,Summit State Bank,12.24,0.48,3.9506,05/16/2019,05/24/2019,
SSFN,Stewardship Financial Corp,15.46,0.12,0.7767,07/31/2019,08/15/2019,
SSNC,SS&C Technologies Holdings Inc.,45.48,0.4,0.8549,05/31/2019,06/17/2019,
SSP,E.W. Scripps Company (The),14.87,0.2,1.328,06/13/2019,06/25/2019,
STAF,Staffing 360 Solutions Inc.,1.57,0.04,2.5,05/16/2019,05/30/2019,
STBA,S&T Bancorp Inc.,36.49,1.08,2.9221,07/31/2019,08/15/2019,
STFC,State Auto Financial Corporation,32.65,0.4,1.2266,06/17/2019,06/28/2019,
STLD,Steel Dynamics Inc.,29.65,0.96,3.1673,06/27/2019,07/12/2019,
STND,Standard AVB Financial Corp.,27.279,0.884,3.2145,08/02/2019,08/19/2019,
STRA,Strategic Education Inc.,175.29,2,1.1302,05/24/2019,06/10/2019,
STRT,STRATTEC SECURITY CORPORATION,21,0.56,2.7224,06/13/2019,06/28/2019,
SUNS,Solar Senior Capital Ltd.,16.61,1.41,8.4889,07/24/2019,08/01/2019,
SUSB,iShares Trust,25.33,0.730116,2.8801,08/01/2019,08/07/2019,
SUSC,iShares Trust,25.9902,0.803808,3.0975,08/01/2019,08/07/2019,
SUSL,iShares Trust,50.5338,0.482928,0.9375,06/17/2019,06/21/2019,
SVBI,Severn Bancorp Inc,8.41,0.12,1.4286,06/05/2019,06/17/2019,
SWKS,Skyworks Solutions Inc.,79.33,1.52,1.8364,05/20/2019,06/11/2019,
SYBT,Stock Yards Bancorp Inc.,37.4,1.04,2.7919,06/14/2019,07/01/2019,
SYMC,Symantec Corporation,21.15,0.3,1.3928,06/07/2019,06/26/2019,
TACT,TransAct Technologies Incorporated,12.71,0.36,2.8708,05/17/2019,06/14/2019,
TAIT,Taitron Components Incorporated,3.3,0.12,3.6474,05/14/2019,05/31/2019,
TBNK,Territorial Bancorp Inc.,28.76,0.88,3.0609,05/08/2019,05/23/2019,
TCBK,TriCo Bancshares,36.76,0.76,2.0552,06/13/2019,06/28/2019,
TCF,TCF Financial Corporation,40.14,1.36,3.3026,06/06/2019,06/21/2019,
TCFC,The Community Financial Corporation,31.89,0.5,1.6041,07/05/2019,07/22/2019,
TCPC,BlackRock TCP Capital Corp.,14.1,1.44,10.2491,06/13/2019,06/28/2019,
TCRD,THL Credit Inc.,6.65,0.84,12.7273,06/13/2019,06/28/2019,
TDIV,First Trust Exchange-Traded Fund VI,39.21,0.9124,2.2867,06/14/2019,06/28/2019,
TECH,Bio-Techne Corp,206.02,1.28,0.6067,05/09/2019,05/24/2019,
TER,Teradyne Inc.,53.47,0.36,0.6569,05/28/2019,06/21/2019,
TERP,TerraForm Power Inc.,15.73,0.8056,5.184,05/31/2019,06/17/2019,
TESS,TESSCO Technologies Incorporated,13.64,0.8,5.6062,05/21/2019,06/05/2019,
TFSL,TFS Financial Corporation,17.61,1,5.711,06/10/2019,06/25/2019,
THFF,First Financial Corporation Indiana,42.08,1.04,2.4563,06/14/2019,07/02/2019,
TILE,Interface Inc.,12.58,0.26,1.9549,05/09/2019,05/24/2019,
TIVO,TiVo Corporation,7.95,0.32,3.8835,06/04/2019,06/19/2019,
TLT,iShares Trust,136.51,3.167412,2.3417,08/01/2019,08/07/2019,
TOWN,Towne Bank,27.29,0.72,2.6172,06/27/2019,07/10/2019,
TRCB,Two River Bancorp,13.93,0.28,1.99,05/09/2019,05/30/2019,
TRMK,Trustmark Corporation,34.76,0.92,2.6301,05/30/2019,06/15/2019,
TRMT,Tremont Mortgage Trust,4.35,0.88,20.6089,07/26/2019,08/15/2019,
TROW,T. Rowe Price Group Inc.,110.05,3.04,2.7519,06/13/2019,06/28/2019,
TRST,TrustCo Bank Corp NY,7.88,0.2725,3.4581,06/06/2019,07/01/2019,
TSBK,Timberland Bancorp Inc.,26.06,0.6,2.2338,05/14/2019,05/29/2019,
TSCO,Tractor Supply Company,107.06,1.4,1.2968,05/24/2019,06/11/2019,
TTEK,Tetra Tech Inc.,76.83,0.6,0.781,05/14/2019,05/31/2019,
TTS,Tile Shop Hldgs Inc.,2.51,0.2,7.9051,07/26/2019,08/09/2019,
TUR,iShares Inc.,25.71,1.183626,4.6091,06/17/2019,06/21/2019,
TUSA,First Trust Exchange-Traded Fund,33.5218,0.3148,0.9308,06/14/2019,06/28/2019,
TUSK,Mammoth Energy Services Inc.,4.5,0.5,8.2919,05/09/2019,05/17/2019,
TW,Tradeweb Markets Inc.,46.5,0.32,0.7002,05/30/2019,06/15/2019,
TXN,Texas Instruments Incorporated,121.82,3.08,2.4949,07/30/2019,08/12/2019,
TYPE,Monotype Imaging Holdings Inc.,19.88,0.464,2.3293,06/28/2019,07/19/2019,
UAE,iShares Trust,14.065,0.951838,6.624,06/17/2019,06/21/2019,
UBCP,United Bancorp Inc.,11.4,0.54,4.8,06/07/2019,06/20/2019,
UBFO,United Security Bancshares,10.61,0.44,4.1121,07/05/2019,07/18/2019,
UBNK,United Financial Bancorp Inc. ,13.36,0.48,3.5503,07/25/2019,08/07/2019,
UBNT,Ubiquiti Networks Inc.,122.22,1,0.8039,05/17/2019,05/28/2019,
UBOH,United Bancshares Inc.,21.66,0.52,2.3009,05/30/2019,06/17/2019,
UBSI,United Bankshares Inc.,36.08,1.36,3.7363,06/13/2019,07/01/2019,
UCBI,United Community Banks Inc.,27.24,0.68,2.4936,06/13/2019,07/05/2019,
UCFC,United Community Financial Corp.,9.79,0.32,3.2356,08/02/2019,08/13/2019,
UFCS,United Fire Group Inc,53.28,1.32,2.5576,05/30/2019,06/14/2019,
UFPI,Universal Forest Products Inc.,39.77,0.4,1.0152,05/30/2019,06/15/2019,
UG,United-Guardian Inc.,19.48,1.1,5.618,05/30/2019,06/14/2019,
UIHC,United Insurance Holdings Corp.,11.25,0.24,2.1958,05/13/2019,05/21/2019,
ULH,Universal Logistics Holdings Inc.,20.62,0.42,2.118,08/02/2019,08/12/2019,
UMBF,UMB Financial Corporation,65.62,1.2,1.808,06/07/2019,07/01/2019,
UMPQ,Umpqua Holdings Corporation,16.38,0.84,5.0542,06/27/2019,07/15/2019,
UNB,Union Bankshares Inc.,32.51,1.24,3.8224,07/26/2019,08/08/2019,
UNIT,Uniti Group Inc.,8.25,0.2,2.4184,06/27/2019,07/15/2019,
UNTY,Unity Bancorp Inc.,20.68,0.32,1.5489,06/13/2019,06/28/2019,
USIG,iShares Trust,57.41,1.955808,3.4097,08/01/2019,08/07/2019,
USLB,Invesco Exchange-Traded Fund Trust II,33.105,0.78192,2.3334,06/24/2019,06/28/2019,
USLM,United States Lime & Minerals Inc.,83.34,0.54,0.6505,05/23/2019,06/14/2019,
USMC,Principal Exchange-Traded Funds,28.9,0.60768,2.0897,07/01/2019,07/05/2019,
USOI,Credit Suisse AG,20.1003,2.3784,11.892,06/19/2019,06/25/2019,
UTMD,Utah Medical Products Inc.,93.14,1.1,1.2067,06/13/2019,07/03/2019,
UVSP,Univest Financial Corporation,26.5,0.8,2.9963,06/03/2019,07/01/2019,
VALU,Value Line Inc.,25.18,0.8,3.1496,07/26/2019,08/09/2019,
VBTX,Veritex Holdings Inc.,24.6,0.5,2.0024,05/08/2019,05/23/2019,
VCIT,Vanguard Scottsdale Funds,90.28,3.2904,3.6475,08/01/2019,08/06/2019,
VCLT,Vanguard Scottsdale Funds,98.43,4.0728,4.1475,08/01/2019,08/06/2019,
VCSH,Vanguard Scottsdale Funds,80.65,2.4852,3.0807,08/01/2019,08/06/2019,
VETS,Pacer Funds,29.98,0.564259,1.8821,06/25/2019,06/27/2019,
VGIT,Vanguard Scottsdale Funds,66.23,1.4892,2.2499,08/01/2019,08/06/2019,
VGLT,Vanguard Scottsdale Funds,83.74,2.1324,2.5679,08/01/2019,08/06/2019,
VGSH,Vanguard Scottsdale Funds,60.835,1.4616,2.4032,08/01/2019,08/06/2019,
VIA,Viacom Inc.,34.59,0.8,2.3276,06/14/2019,07/01/2019,
VIAB,Viacom Inc.,29.78,0.8,2.6738,06/14/2019,07/01/2019,
VIGI,Vanguard Whitehall Funds,65.97,1.9204,2.8891,06/17/2019,06/20/2019,
VIRT,Virtu Financial Inc.,22.3,0.96,4.3302,05/31/2019,06/17/2019,
VLGEA,Village Super Market Inc.,24.71,1,4.0112,07/01/2019,07/25/2019,
VLY,Valley National Bancorp,10.63,0.44,4.0553,06/13/2019,07/01/2019,
VMBS,Vanguard Scottsdale Funds,52.95,1.5936,3.0068,08/01/2019,08/06/2019,
VNOM,Viper Energy Partners LP,31.59,1.52,4.8177,05/10/2019,05/20/2019,
VNQI,Vanguard International Equity Index Funds,57.7,1.6252,2.8269,06/17/2019,06/20/2019,
VONE,Vanguard Scottsdale Funds,134.51,2.3356,1.7225,06/21/2019,06/26/2019,
VONG,Vanguard Scottsdale Funds,163.12,1.9516,1.1825,06/21/2019,06/26/2019,
VONV,Vanguard Scottsdale Funds,110.43,2.5952,2.337,06/21/2019,06/26/2019,
VRIG,Invesco Actively Managed Exchange-Traded Fund Trus,24.88,0.76872,3.0872,07/22/2019,07/31/2019,
VRSK,Verisk Analytics Inc.,153.23,1,0.6539,06/13/2019,06/28/2019,
VRTS,Virtus Investment Partners Inc.,101.01,2.2,2.1455,07/30/2019,08/15/2019,
VSDA,Victory Portfolios II,33.18,0.5004,1.5,07/17/2019,07/19/2019,
VSEC,VSE Corporation,30.87,0.36,1.2405,07/16/2019,07/31/2019,
VSMV,Victory Portfolios II,30.9906,0.796044,2.5463,07/17/2019,07/19/2019,
VTC,Vanguard Scottsdale Funds,87.245,2.9652,3.404,08/01/2019,08/06/2019,
VTHR,Vanguard Scottsdale Funds,133.63,2.5372,1.8842,06/21/2019,06/26/2019,
VTIP,Vanguard Malvern Funds,49.41,0.6816,1.3795,06/17/2019,06/20/2019,
VTWG,Vanguard Scottsdale Funds,144.72,0.9908,0.6753,06/21/2019,06/26/2019,
VTWO,Vanguard Scottsdale Funds,122.68,1.8448,1.4876,06/21/2019,06/26/2019,
VTWV,Vanguard Scottsdale Funds,102.3,2.244,2.1765,06/21/2019,06/26/2019,
VWOB,Vanguard Whitehall Funds,80.72,3.936,4.8665,08/01/2019,08/06/2019,
VXUS,Vanguard STAR Funds,50.94,2.4424,4.7592,06/21/2019,06/26/2019,
VYMI,Vanguard Whitehall Funds,58.65,4.0812,6.9032,06/17/2019,06/20/2019,
WABC,Westamerica Bancorporation,61.98,1.64,2.6236,08/02/2019,08/16/2019,
WAFD,Washington Federal Inc.,35.31,0.8,2.2241,05/09/2019,05/24/2019,
WASH,Washington Trust Bancorp Inc.,48.44,2.04,4.2036,06/28/2019,07/12/2019,
WBA,Walgreens Boots Alliance Inc.,53.68,1.76,3.255,05/17/2019,06/12/2019,
WBND,Legg Mason ETF Investment Trust,26.87,0.941544,3.5041,08/01/2019,08/06/2019,
WDC,Western Digital Corporation,54.39,2,3.603,06/27/2019,07/15/2019,
WDFC,WD-40 Company,180.25,2.44,1.3562,07/18/2019,07/31/2019,
WEBK,Wellesley Bancorp Inc.,31.41,0.24,0.7675,06/04/2019,06/19/2019,
WEN,Wendy's Company (The),18.09,0.4,2.2075,05/31/2019,06/17/2019,
WERN,Werner Enterprises Inc.,32.4,0.36,1.108,06/28/2019,07/16/2019,
WETF,WisdomTree Investments Inc.,5.94,0.12,2.0067,05/07/2019,05/22/2019,
WEYS,Weyco Group Inc.,26.31,0.96,3.6613,05/30/2019,06/28/2019,
WHF,WhiteHorse Finance Inc.,13.93,1.42,10.2158,06/19/2019,07/03/2019,
WINA,Winmark Corporation,170.62,1,0.5893,05/07/2019,06/03/2019,
WINC,Legg Mason ETF Investment Trust,25.96,1.05318,4.0648,08/01/2019,08/06/2019,
WING,Wingstop Inc.,92.56,0.36,0.4062,06/06/2019,06/21/2019,
WIRE,Encore Wire Corporation,55.07,0.08,0.1441,07/03/2019,07/19/2019,
WNEB,Western New England Bancorp Inc.,8.93,0.2,2.1739,05/07/2019,05/22/2019,
WOOD,iShares Trust,55.3,2.241256,3.9866,06/17/2019,06/21/2019,
WSBC,WesBanco Inc.,35.13,1.24,3.488,06/06/2019,07/01/2019,
WSBF,Waterstone Financial Inc.,16.62,0.48,2.8453,07/11/2019,08/02/2019,
WSFS,WSFS Financial Corporation,41.52,0.48,1.1558,05/08/2019,05/23/2019,
WSTG,Wayside Technology Group Inc.,11.2733,0.68,6.0337,05/17/2019,05/24/2019,
WTBA,West Bancorporation,20.64,0.84,3.9867,05/07/2019,05/22/2019,
WTFC,Wintrust Financial Corporation,68.53,1,1.4451,05/08/2019,05/23/2019,
WVFC,WVS Financial Corp.,17.35,0.4,2.251,05/10/2019,05/23/2019,
WWD,Woodward Inc.,109.84,0.65,0.5811,05/17/2019,06/03/2019,
WYNN,Wynn Resorts Limited,119.7,4,3.2541,05/21/2019,05/30/2019,
XLNX,Xilinx Inc.,110.18,1.48,1.3044,05/15/2019,06/03/2019,
XPER,Xperi Corporation ,20.45,0.8,3.8351,05/28/2019,06/19/2019,
XRAY,DENTSPLY SIRONA Inc.,52.79,0.35,0.6559,06/27/2019,07/12/2019,
XT,iShares Trust,38.28,0.717314,1.8502,06/17/2019,06/21/2019,
YLCO,Global X Funds,13.5,0.4392,3.2413,05/07/2019,05/15/2019,
YLDE,Legg Mason ETF Investment Trust,30.71,0.79776,2.5414,06/25/2019,06/28/2019,
YORW,The York Water Company,35.73,0.6932,1.9325,06/27/2019,07/15/2019,
ZBIO,ProShares Trust,15.1,0.061964,0.43,06/25/2019,07/02/2019,
ZEUS,Olympic Steel Inc.,12.05,0.08,0.6639,05/31/2019,06/17/2019,
ZION,Zions Bancorporation N.A.,42.55,1.2,2.7946,05/15/2019,05/23/2019,
